,id,title,description,availability,condition,price,link,image_link,brand,custom_label_0,currency,custom_label_1
2,126793278,three-piece patio set,A three-piece patio set that's great for creating the *perfect* outdoor space for a socially distanced spring!,in stock,new,137.99 USD,https://www.buzzfeed.com/danicreahan/splurge-worthy-things-wayfair-reviewers-love?origin=nofil#126793278,https://img.buzzfeed.com/buzzfeed-static/static/2021-04/1/1/asset/5605245003b3/sub-buzz-4652-1617242294-32.jpg?resize=625:625,wayfair,danicreahan/splurge-worthy-things-wayfair-reviewers-love,USD,fast fashion
4,126793345,velvet wingback armchair,"A velvet wingback armchair so sophisticated, it'll make even *doomscrolling* feel like an elegant activity.",in stock,new,299.99 USD,https://www.buzzfeed.com/danicreahan/splurge-worthy-things-wayfair-reviewers-love?origin=nofil#126793345,https://img.buzzfeed.com/buzzfeed-static/static/2021-04/1/1/asset/6f785ac13063/sub-buzz-4757-1617242171-1.jpg?resize=625:625,wayfair,danicreahan/splurge-worthy-things-wayfair-reviewers-love,USD,cleaning
9,126793588,full-length floor mirror,"A full-length floor mirror to help you test run all the ~looks~ you'll be wearing out once you're fully vaccinated. Bonus points for the fact that this mirror can make any space look larger, in case you're getting cramped after a year+ of lockdown!",in stock,new,156.99 USD,https://www.buzzfeed.com/danicreahan/splurge-worthy-things-wayfair-reviewers-love?origin=nofil#126793588,https://img.buzzfeed.com/buzzfeed-static/static/2021-04/1/22/asset/2a2bd208a383/sub-buzz-237-1617314788-36.jpg?resize=625:625,wayfair,danicreahan/splurge-worthy-things-wayfair-reviewers-love,USD,fast fashion
10,126793629,French country style loveseat,"A French country style loveseat that's simply swoon-worthy (and frankly, looks swoon-ready as well).",in stock,new,599.99 USD,https://www.buzzfeed.com/danicreahan/splurge-worthy-things-wayfair-reviewers-love?origin=nofil#126793629,"https://img.buzzfeed.com/buzzfeed-static/static/2021-04/1/3/asset/ffdaf60237c5/sub-buzz-4860-1617246721-8.jpg?crop=680:612;0,68&resize=625:*",wayfair,danicreahan/splurge-worthy-things-wayfair-reviewers-love,USD,fast fashion
18,126793927,extra long cheeseboard,An extra long cheeseboard for all your family's (or just your own) charcuterie needs. It doubles as dazzling decor for your table.,in stock,new,136.02 USD,https://www.buzzfeed.com/danicreahan/splurge-worthy-things-wayfair-reviewers-love?origin=nofil#126793927,https://img.buzzfeed.com/buzzfeed-static/static/2021-04/1/22/asset/17d867cd86ca/sub-buzz-312-1617316723-1.jpg?resize=625:625,wayfair,danicreahan/splurge-worthy-things-wayfair-reviewers-love,USD,cleaning
19,126793939,wall-mounted electric fireplace,"A wall-mounted electric fireplace that can heat your space and give off the cozy, romantic energy of a classic fireplace with no construction work or firewood needed!",in stock,new,279.99 USD,https://www.buzzfeed.com/danicreahan/splurge-worthy-things-wayfair-reviewers-love?origin=nofil#126793939,https://img.buzzfeed.com/buzzfeed-static/static/2021-04/1/22/asset/613d46834877/sub-buzz-300-1617317427-2.jpg?resize=625:625,wayfair,danicreahan/splurge-worthy-things-wayfair-reviewers-love,USD,fast fashion
24,126797761,two-tiered serving tray,"A two-tiered serving tray that can turn any old coffee and snack break into a tasteful tea party. As the Mad Hatter says, it's always tea time!",in stock,new,89.99 USD,https://www.buzzfeed.com/danicreahan/splurge-worthy-things-wayfair-reviewers-love?origin=nofil#126797761,https://img.buzzfeed.com/buzzfeed-static/static/2021-04/1/18/asset/a3674f59d8a5/sub-buzz-787-1617303006-1.jpg?resize=625:625,wayfair,danicreahan/splurge-worthy-things-wayfair-reviewers-love,USD,fast fashion
28,126798004,100% wool pillow,"A 100% wool pillow so fluffy it'll be like having a little lamb to cuddle up to every night, without any of the cleanup or cost of an actual pet lamb.",in stock,new,59.81 USD,https://www.buzzfeed.com/danicreahan/splurge-worthy-things-wayfair-reviewers-love?origin=nofil#126798004,https://img.buzzfeed.com/buzzfeed-static/static/2021-04/1/19/asset/1f90543ebcd8/sub-buzz-853-1617304978-15.jpg?resize=625:*,wayfair,danicreahan/splurge-worthy-things-wayfair-reviewers-love,USD,fast fashion
30,126798067,round arm settee bench,"A round arm settee bench that brings some serious ~Bridgerton vibes~ to whatever space it inhabits. Seriously, I *burn* for this piece of furniture! Alexa, play Duomo's violin cover of Wildest Dreams by Taylor Swift.",in stock,new,609.99 USD,https://www.buzzfeed.com/danicreahan/splurge-worthy-things-wayfair-reviewers-love?origin=nofil#126798067,https://img.buzzfeed.com/buzzfeed-static/static/2021-04/1/19/asset/84b77a9f68f9/sub-buzz-872-1617305531-3.jpg?resize=625:*,wayfair,danicreahan/splurge-worthy-things-wayfair-reviewers-love,USD,fast fashion
,id,title,description,availability,condition,price,link,image_link,brand,custom_label_0,currency,custom_label_1
0,126795589,bonded leather office chair,"A bonded leather office chair for anyone who has started hearing themselves go ""oof!"" after getting off the sofa. If you're old enough to make sounds after sitting, you deserve (and probably need) a chair this cute and comfy!",in stock,new,109.99 USD,https://www.buzzfeed.com/malloryannp/practical-purchases-youll-love-having-around?origin=nofil#126795589,https://img.buzzfeed.com/buzzfeed-static/static/2021-04/1/14/asset/1f90543ebcd8/sub-buzz-359-1617288442-11.png,officedepot,malloryannp/practical-purchases-youll-love-having-around,USD,fast fashion
2,126776792,Tuft & Needle pillow,"A Tuft & Needle pillow designed with a complex foam formula that's gonna be be cool, breathable, soft, and supportive while you snooze. These days you seem to regret every nap you refused to take as a child.",in stock,new,67.5 USD,https://www.buzzfeed.com/malloryannp/practical-purchases-youll-love-having-around?origin=nofil#126776792,https://img.buzzfeed.com/buzzfeed-static/static/2018-11/15/11/asset/buzzfeed-prod-web-01/sub-buzz-14691-1542298960-8.jpg?resize=625:521,tuftandneedle,malloryannp/practical-purchases-youll-love-having-around,USD,fast fashion
4,126776850,Always Pan,"An Always Pan designed with a slippery nonstick surface, a vented top, a steaming basket, and a wooden spoon that hooks onto the handle. Owning kitchen tools that are both beautiful and functional? That'll be a treat.",in stock,new,145.0 USD,https://www.buzzfeed.com/malloryannp/practical-purchases-youll-love-having-around?origin=nofil#126776850,https://img.buzzfeed.com/buzzfeed-static/static/2020-10/21/20/asset/6559ab68ee86/sub-buzz-4103-1603310767-9.png?resize=625:452,fromourplace,malloryannp/practical-purchases-youll-love-having-around,USD,cleaning
7,126776892,moisture meter,"A moisture meter you can place deep down into the soil to know exactly how much water your plant is getting. Under- and overwatering is a thing of the past, people!",in stock,new,11.97 USD,https://www.buzzfeed.com/malloryannp/practical-purchases-youll-love-having-around?origin=nofil#126776892,https://img.buzzfeed.com/buzzfeed-static/static/2020-10/20/17/asset/98b26e9effa4/sub-buzz-1843-1603214649-2.png?resize=625:*,Amazon,malloryannp/practical-purchases-youll-love-having-around,USD,"cleaning,fast fashion"
9,126776923,sonic toothbrush,"A sonic toothbrush with multiple brushing modes to support different oral care needs, a timer to make sure you're brushing as long as you should, and (for you charcoal powder fans) *actual* charcoal bristles that safely remove stains while scrubbing your pearly whites.",in stock,new,69.99 USD,https://www.buzzfeed.com/malloryannp/practical-purchases-youll-love-having-around?origin=nofil#126776923,https://img.buzzfeed.com/buzzfeed-static/static/2020-09/14/19/asset/0d00c66f0935/sub-buzz-7247-1600112209-1.png?resize=625:*,burstoralcare,malloryannp/practical-purchases-youll-love-having-around,USD,cleaning
10,126777451,iridescent vase,"An iridescent vase for improving your rental's dreary bathroom by filling it with things made by people who actually know how to successfully DIY. Etsy, you're an angel.",in stock,new,45.86 USD,https://www.buzzfeed.com/malloryannp/practical-purchases-youll-love-having-around?origin=nofil#126777451,https://img.buzzfeed.com/buzzfeed-static/static/2021-02/1/18/asset/8fa52cb1b302/sub-buzz-7510-1612204182-22.jpg?resize=625:625,etsy,malloryannp/practical-purchases-youll-love-having-around,USD,cleaning
11,126776626,acacia wood chef's board,"A stunning acacia wood chef's board that can be used as a prep station, cutting board, or serving board. Cost-effective end-grain wood in a patchwork pattern? That's what's cooking!",in stock,new,38.38 USD,https://www.buzzfeed.com/malloryannp/practical-purchases-youll-love-having-around?origin=nofil#126776626,"https://img.buzzfeed.com/buzzfeed-static/static/2019-05/2/15/asset/buzzfeed-prod-web-05/sub-buzz-28914-1556824515-1.jpg?crop=1000:1225;0,226&resize=625:*",Amazon,malloryannp/practical-purchases-youll-love-having-around,USD,"cleaning,fast fashion"
14,126776631,powder polish,A powder polish for giving your kitchenware a well deserved scrub after you watch Beauty and the Beast with your kid and start feeling guilty about the condition of your own flatware friends.,in stock,new,7.99 USD,https://www.buzzfeed.com/malloryannp/practical-purchases-youll-love-having-around?origin=nofil#126776631,https://img.buzzfeed.com/buzzfeed-static/static/2021-03/29/20/asset/99b1908a9889/sub-buzz-374-1617050639-23.png?resize=625:*,Amazon,malloryannp/practical-purchases-youll-love-having-around,USD,cleaning
15,126776633,peel-and-stick wallpaper,"A peel-and-stick wallpaper that'll brighten up your home with its marvelous, Mediterranean tile touch. Adults love a backsplash. They love it.",in stock,new,25.3 USD,https://www.buzzfeed.com/malloryannp/practical-purchases-youll-love-having-around?origin=nofil#126776633,https://img.buzzfeed.com/buzzfeed-static/static/2020-02/19/18/asset/506ccce6f878/sub-buzz-282-1582138497-9.jpg?resize=625:625,Amazon,malloryannp/practical-purchases-youll-love-having-around,USD,cleaning
17,126776637,catnip,"A mounted cat scratcher ‚Äî throw some catnip on this and it'll quickly become a preferred scratcher for your cat, saving your expensive furniture from Sassy's wrath. Being able to have a cat and a leather sofa? What a concept!",in stock,new,26.99 USD,https://www.buzzfeed.com/malloryannp/practical-purchases-youll-love-having-around?origin=nofil#126776637,https://img.buzzfeed.com/buzzfeed-static/static/2019-05/2/15/asset/buzzfeed-prod-web-02/sub-buzz-30569-1556827044-4.png,Amazon,malloryannp/practical-purchases-youll-love-having-around,USD,cleaning
18,126776638,distressed rug,"A colorful distressed rug for realists who want a lovely rug designed for the slips, stains, and spills that happen when you let your family actually live in the living room.",in stock,new,155.99 USD,https://www.buzzfeed.com/malloryannp/practical-purchases-youll-love-having-around?origin=nofil#126776638,https://img.buzzfeed.com/buzzfeed-static/static/2020-02/13/22/asset/bb9d79a213d4/sub-buzz-438-1581633161-1.jpg?resize=625:625,Amazon,malloryannp/practical-purchases-youll-love-having-around,USD,cleaning
20,126776639,aromatherapy spray,An aromatherapy spray that'll soothe your senses and help you fall asleep if you're prone to stay up counting your worries rather than counting sheep.,in stock,new,29.0 USD,https://www.buzzfeed.com/malloryannp/practical-purchases-youll-love-having-around?origin=nofil#126776639,https://img.buzzfeed.com/buzzfeed-static/static/2020-04/2/16/asset/931d4edaf7e4/sub-buzz-714-1585843812-10.jpg,Anthropologie,malloryannp/practical-purchases-youll-love-having-around,USD,cleaning
21,126777719,airtight storage container set,"An airtight storage container set ‚Äì it's gonna make organizing your food clearly a cinch. If snacks are easy to find, hanger stays at bay! That's science.",in stock,new,37.94 USD,https://www.buzzfeed.com/malloryannp/practical-purchases-youll-love-having-around?origin=nofil#126777719,https://img.buzzfeed.com/buzzfeed-static/static/2021-02/16/16/asset/8693f7f125cf/sub-buzz-130-1613494352-20.png?resize=625:*,Amazon,malloryannp/practical-purchases-youll-love-having-around,USD,cleaning
22,126777663,Hoof healer foot balm,"Hoof healer foot balm for nourishing dry, cracked, and callused feet. We're not ~horsing~ around ‚Äî if your feet are no longer as soft as a baby's bottom...this stuff works!",in stock,new,8.99 USD,https://www.buzzfeed.com/malloryannp/practical-purchases-youll-love-having-around?origin=nofil#126777663,https://img.buzzfeed.com/buzzfeed-static/static/2021-03/17/21/asset/022039898d8b/sub-buzz-192-1616016147-18.jpg?resize=625:625,etsy,malloryannp/practical-purchases-youll-love-having-around,USD,skincare
24,126776644,cordless Dyson vacuum,A cordless Dyson vacuum because cleaning without this thing sucks ‚Äî you won't realize what a chore vacuuming was until you have this in your life forever.,in stock,new,295.0 USD,https://www.buzzfeed.com/malloryannp/practical-purchases-youll-love-having-around?origin=nofil#126776644,https://img.buzzfeed.com/buzzfeed-static/static/2019-05/2/15/asset/buzzfeed-prod-web-03/sub-buzz-15579-1556826739-7.png?resize=625:467,Amazon,malloryannp/practical-purchases-youll-love-having-around,USD,cleaning
26,126776645,vertical shoe tower,A vertical shoe tower sure to have your entryway looking organized and elevated.,in stock,new,59.99 USD,https://www.buzzfeed.com/malloryannp/practical-purchases-youll-love-having-around?origin=nofil#126776645,https://img.buzzfeed.com/buzzfeed-static/static/2020-02/13/20/asset/86737002dfe3/sub-buzz-263-1581625870-1.jpg?resize=625:625,Amazon,malloryannp/practical-purchases-youll-love-having-around,USD,"cleaning,fast fashion"
27,126776647,metal planter,A metal planter that'll get so many compliments you'll love having them around your place.,in stock,new,19.99 USD,https://www.buzzfeed.com/malloryannp/practical-purchases-youll-love-having-around?origin=nofil#126776647,https://img.buzzfeed.com/buzzfeed-static/static/2020-02/19/19/asset/7cbde0618b40/sub-buzz-274-1582139134-13.jpg?resize=625:*,Amazon,malloryannp/practical-purchases-youll-love-having-around,USD,"cleaning,fast fashion"
28,126776649,bar cabinet,"A bar cabinet to proudly show that you are old enough to drink, afford, and display alcohol in your home.",in stock,new,1998.0 USD,https://www.buzzfeed.com/malloryannp/practical-purchases-youll-love-having-around?origin=nofil#126776649,https://img.buzzfeed.com/buzzfeed-static/static/2021-03/29/21/asset/5605245003b3/sub-buzz-397-1617051988-6.jpg?resize=625:*,"Anthropologie,Amazon",malloryannp/practical-purchases-youll-love-having-around,USD,"cleaning,fast fashion"
29,126776652,four-slice toaster,A too-cute four-slice toaster you're gonna love if serving your whole family at once keeps you from being ~toast~ in the morning rush to work and school.,in stock,new,69.95 USD,https://www.buzzfeed.com/malloryannp/practical-purchases-youll-love-having-around?origin=nofil#126776652,https://img.buzzfeed.com/buzzfeed-static/static/2020-04/3/16/asset/dade895836f3/sub-buzz-344-1585931530-1.jpg,wayfair,malloryannp/practical-purchases-youll-love-having-around,USD,fast fashion
30,126776651,outlet lights,"A pair of outlet lights so you can have your rooms shine even at nighttime, without bulky night lights taking up space.",in stock,new,20.96 USD,https://www.buzzfeed.com/malloryannp/practical-purchases-youll-love-having-around?origin=nofil#126776651,https://img.buzzfeed.com/buzzfeed-static/static/2020-02/13/21/asset/4d81e9a5503c/sub-buzz-285-1581628233-1.jpg?resize=625:*,Amazon,malloryannp/practical-purchases-youll-love-having-around,USD,cleaning
31,126776654,ceramic essential oil diffuser,"A hand-crafted ceramic essential oil diffuser that'll cover up the smell of your bulldog (who is definitely not supposed to be your roommate) and help you breathe easy when your landlord comes over and says, ""That's a dog...gone beautiful diffuser you have there!""",in stock,new,119.0 USD,https://www.buzzfeed.com/malloryannp/practical-purchases-youll-love-having-around?origin=nofil#126776654,https://img.buzzfeed.com/buzzfeed-static/static/2021-03/29/21/asset/ffdaf60237c5/sub-buzz-424-1617052453-15.jpg?resize=625:625,Amazon,malloryannp/practical-purchases-youll-love-having-around,USD,cleaning
32,126776656,linen futon,"A linen futon in a cheery mustard yellow that's sure to have you thinking, ""Well color me impressed!"" every time you step into your living room and see the prime palette you've put together.",in stock,new,295.0 USD,https://www.buzzfeed.com/malloryannp/practical-purchases-youll-love-having-around?origin=nofil#126776656,https://img.buzzfeed.com/buzzfeed-static/static/2019-11/6/18/asset/67a94f98c2f6/sub-buzz-5133-1573064798-1.jpg?resize=625:417,Amazon,malloryannp/practical-purchases-youll-love-having-around,USD,"cleaning,fast fashion"
33,126776657,shirt folder,A shirt folder that'll give you perfectly crisp and beautifully folded shirts that'll bring a tear to your type-A father's eye when he comes to visit.,in stock,new,16.99 USD,https://www.buzzfeed.com/malloryannp/practical-purchases-youll-love-having-around?origin=nofil#126776657,https://img.buzzfeed.com/buzzfeed-static/static/2019-05/2/16/asset/buzzfeed-prod-web-02/sub-buzz-30833-1556827271-1.png?resize=625:680,Amazon,malloryannp/practical-purchases-youll-love-having-around,USD,"cleaning,fast fashion"
34,126776658,table runner,A table runner for any baseball fans who have grown to want home decor that's a home run(ner).,in stock,new,19.99 USD,https://www.buzzfeed.com/malloryannp/practical-purchases-youll-love-having-around?origin=nofil#126776658,https://img.buzzfeed.com/buzzfeed-static/static/2019-05/2/18/asset/buzzfeed-prod-web-05/sub-buzz-8828-1556834817-1.jpg?resize=625:625,Amazon,malloryannp/practical-purchases-youll-love-having-around,USD,"cleaning,fast fashion"
35,126776659,cleaner and vacuum,A power scrubbing cleaner and vacuum that's gonna be the laundry day your carpet deserves after it has lived through house-training your terrier...and your toddler.,in stock,new,129.0 USD,https://www.buzzfeed.com/malloryannp/practical-purchases-youll-love-having-around?origin=nofil#126776659,https://img.buzzfeed.com/buzzfeed-static/static/2021-03/29/21/asset/5605245003b3/sub-buzz-431-1617052649-1.png,Amazon,malloryannp/practical-purchases-youll-love-having-around,USD,cleaning
36,126776660,six foot blanket ladder,A six foot blanket ladder ‚Äî a practical piece that's sure to step-up your decor game.,in stock,new,78.99 USD,https://www.buzzfeed.com/malloryannp/practical-purchases-youll-love-having-around?origin=nofil#126776660,https://img.buzzfeed.com/buzzfeed-static/static/2020-04/3/17/asset/cc5e26208427/sub-buzz-548-1585935504-1.jpg,wayfair,malloryannp/practical-purchases-youll-love-having-around,USD,skincare
37,126776661,motion-sensor trashcan,"A motion-sensor trashcan so top-of-the-line, you're gonna wonder if your trash lives in a better place than you do.",in stock,new,148.99 USD,https://www.buzzfeed.com/malloryannp/practical-purchases-youll-love-having-around?origin=nofil#126776661,https://img.buzzfeed.com/buzzfeed-static/static/2019-05/2/16/asset/buzzfeed-prod-web-01/sub-buzz-29758-1556829427-1.png?resize=625:621,Amazon,malloryannp/practical-purchases-youll-love-having-around,USD,cleaning
38,126776663,stainless-steel cleaner,"A stainless-steel cleaner that'll wipe up grease, stains, and fingerprints faster than you're able to say ""cleaning the sink sucks."" Turns out, it doesn't with this stuff.",in stock,new,16.97 USD,https://www.buzzfeed.com/malloryannp/practical-purchases-youll-love-having-around?origin=nofil#126776663,https://img.buzzfeed.com/buzzfeed-static/static/2021-03/29/21/asset/57218ec5150e/sub-buzz-448-1617052944-1.png,Amazon,malloryannp/practical-purchases-youll-love-having-around,USD,cleaning
39,126777495,orb chandelier,An orb chandelier for modern design-minded folks who want a statment piece that really lights up a room.,in stock,new,159.99 USD,https://www.buzzfeed.com/malloryannp/practical-purchases-youll-love-having-around?origin=nofil#126777495,https://img.buzzfeed.com/buzzfeed-static/static/2021-03/17/15/asset/a049ab2703e1/sub-buzz-9786-1615995115-17.jpg?resize=625:625,Amazon,malloryannp/practical-purchases-youll-love-having-around,USD,"cleaning,fast fashion"
40,126776665,pimple patches,"A pack of pimple patches, because you can't run as fast as when you were as a teenager, but with these you can at least get rid of zits faster.",in stock,new,12.5 USD,https://www.buzzfeed.com/malloryannp/practical-purchases-youll-love-having-around?origin=nofil#126776665,https://img.buzzfeed.com/buzzfeed-static/static/2019-05/2/16/asset/buzzfeed-prod-web-02/sub-buzz-32648-1556828594-1.jpg?resize=625:625,Amazon,malloryannp/practical-purchases-youll-love-having-around,USD,"cleaning,fast fashion,skincare"
41,126776667,huggable heating pad,"And finally, a huggable heating pad that'll help you out when adulthood feels like pain in the neck and you need a friendly face to get you through.",in stock,new,14.0 USD,https://www.buzzfeed.com/malloryannp/practical-purchases-youll-love-having-around?origin=nofil#126776667,"https://img.buzzfeed.com/buzzfeed-static/static/2021-03/29/21/asset/8d9dd995c7fa/sub-buzz-437-1617053115-17.jpg?crop=538:657;0,152&resize=625:*",Urban Outfitters,malloryannp/practical-purchases-youll-love-having-around,USD,fast fashion
,id,title,description,availability,condition,price,link,image_link,brand,custom_label_0,currency,custom_label_1
0,126789816,Classic ripped skinny jeans,"Classic ripped skinny jeans that are sure to become your next go-to. These would go great with a fancier blouse for a night out but reviewers swear they're super comfortable, so they're also perfect for every day.",in stock,new,69.5 USD,https://www.buzzfeed.com/christinaenrico/stylish-things-from-levis?origin=nofil#126789816,https://img.buzzfeed.com/buzzfeed-static/static/2021-03/31/17/asset/3b471616b3f4/sub-buzz-3771-1617211763-32.jpg?resize=625:660,"Levi,levi",christinaenrico/stylish-things-from-levis,USD,fast fashion
1,126790084,trucker jacket,"A trucker jacket because denim jackets are seriously a wardrobe staple. It can be dressed up or down and worn almost any time of the year (ie: breezy spring afternoons, slightly chilly fall outings, cool summer nights, weirdly warm winter days, etc...)",in stock,new,98.0 USD,https://www.buzzfeed.com/christinaenrico/stylish-things-from-levis?origin=nofil#126790084,https://img.buzzfeed.com/buzzfeed-static/static/2021-03/31/18/asset/8d9dd995c7fa/sub-buzz-3886-1617213738-2.jpg?resize=625:786,"Levi,levi",christinaenrico/stylish-things-from-levis,USD,fast fashion
2,126790796,Straight leg jeans,Straight leg jeans that are versatile enough to pair with heels and a nice top for date night but also go great with sneakers for something a lil' more casual.,in stock,new,98.0 USD,https://www.buzzfeed.com/christinaenrico/stylish-things-from-levis?origin=nofil#126790796,https://img.buzzfeed.com/buzzfeed-static/static/2021-03/31/19/asset/8d9dd995c7fa/sub-buzz-4012-1617218517-14.jpg,"Levi,levi",christinaenrico/stylish-things-from-levis,USD,fast fashion
3,126794125,Levi's logo crewneck,"A Levi's logo crewneck perfect for the not-cold-but-definitely-not-hot, days ahead. It's garment-dyed for extra vibrant color and a super lived-in, vintage-soft, feel.",in stock,new,64.5 USD,https://www.buzzfeed.com/christinaenrico/stylish-things-from-levis?origin=nofil#126794125,https://img.buzzfeed.com/buzzfeed-static/static/2021-04/1/7/asset/1e370eebff43/sub-buzz-5088-1617260847-3.jpg,"Levi,levi",christinaenrico/stylish-things-from-levis,USD,fast fashion
4,126793724,puff-sleeve top,"A lightweight puff-sleeve top that goes with any of your favorite pants or skirts for an easy, breezy, spring #ootd.",in stock,new,59.5 USD,https://www.buzzfeed.com/christinaenrico/stylish-things-from-levis?origin=nofil#126793724,https://img.buzzfeed.com/buzzfeed-static/static/2021-04/1/4/asset/6f785ac13063/sub-buzz-4933-1617250061-7.jpg,Levi,christinaenrico/stylish-things-from-levis,USD,fast fashion
5,126791127,denim button-up dress,A denim button-up dress for the most effortless trendy fit. I'm picturing wearing this to a picnic with a cute pair of white sneaks and voila ‚Äî you've got yourself a spring Instagram post.,in stock,new,118.0 USD,https://www.buzzfeed.com/christinaenrico/stylish-things-from-levis?origin=nofil#126791127,https://img.buzzfeed.com/buzzfeed-static/static/2021-03/31/19/asset/1e370eebff43/sub-buzz-4108-1617220286-25.jpg,"Levi,levi",christinaenrico/stylish-things-from-levis,USD,fast fashion
6,126789972,Levi's original fit jeans,"Levi's original fit jeans that have been around for generations. Literally. They're inspired from the original Levi's straight-fit, blue jeans dating back to 1873. One pair of these and you're set for life! Although, they come in so many colors, you'll probably want a few.",in stock,new,59.5 USD,https://www.buzzfeed.com/christinaenrico/stylish-things-from-levis?origin=nofil#126789972,https://img.buzzfeed.com/buzzfeed-static/static/2021-03/31/17/asset/6f785ac13063/sub-buzz-3863-1617212686-28.jpg?resize=625:803,"Levi,levi",christinaenrico/stylish-things-from-levis,USD,cleaning
7,126791194,Levi's logo baseball cap,A Levi's logo baseball cap so you can enjoy the spring sunshine without squinting.,in stock,new,24.5 USD,https://www.buzzfeed.com/christinaenrico/stylish-things-from-levis?origin=nofil#126791194,https://img.buzzfeed.com/buzzfeed-static/static/2021-03/31/19/asset/ffdaf60237c5/sub-buzz-4178-1617220760-1.jpg?resize=625:648,"Levi,levi",christinaenrico/stylish-things-from-levis,USD,fast fashion
8,126791229,Tie-dye denim shorts,"Tie-dye denim shorts for a little color variation in your wardrobe. Pair with a plain T-shirt and you got a pretty siick, effortless outfit for any spring occasion.",in stock,new,50.0 USD,https://www.buzzfeed.com/christinaenrico/stylish-things-from-levis?origin=nofil#126791229,https://img.buzzfeed.com/buzzfeed-static/static/2021-03/31/20/asset/6392c1e7ce7f/sub-buzz-4094-1617221259-30.jpg?resize=625:833,"Levi,levi",christinaenrico/stylish-things-from-levis,USD,fast fashion
9,126796085,windbreaker,A windbreaker that looks like May flowers but will come in handy for April showers...*ba dum tss*,in stock,new,79.5 USD,https://www.buzzfeed.com/christinaenrico/stylish-things-from-levis?origin=nofil#126796085,https://img.buzzfeed.com/buzzfeed-static/static/2021-04/1/15/asset/5db875010afe/sub-buzz-437-1617291630-13.jpg?resize=625:816,"Levi,levi",christinaenrico/stylish-things-from-levis,USD,fast fashion
10,126797146,puff-sleeve top,"A delicate puff-sleeve top made with a lightweight, sheer material.",in stock,new,69.5 USD,https://www.buzzfeed.com/christinaenrico/stylish-things-from-levis?origin=nofil#126797146,https://img.buzzfeed.com/buzzfeed-static/static/2021-04/1/17/asset/84b77a9f68f9/sub-buzz-646-1617298434-14.jpg,"Levi,levi",christinaenrico/stylish-things-from-levis,USD,fast fashion
11,126790270,High-rise jeans,"High-rise jeans because warm weather is upon us and we want to make the most of white pants season. There's multiple colors available, so you can snag a pair for every season.",in stock,new,89.5 USD,https://www.buzzfeed.com/christinaenrico/stylish-things-from-levis?origin=nofil#126790270,https://img.buzzfeed.com/buzzfeed-static/static/2021-03/31/19/asset/4b3d9ca0bd4d/sub-buzz-3944-1617217205-1.jpg,"Levi,levi",christinaenrico/stylish-things-from-levis,USD,fast fashion
12,126794317,Mid-thigh shorts,"Mid-thigh shorts ‚Äì they're the perfect in-between length for the in-between days of spring and inspired by the Levi's 501 original jeans for a vintage look, which means they never go out of style. ;)",in stock,new,69.5 USD,https://www.buzzfeed.com/christinaenrico/stylish-things-from-levis?origin=nofil#126794317,https://img.buzzfeed.com/buzzfeed-static/static/2021-04/1/8/asset/6cef71012ddf/sub-buzz-5144-1617264644-29.jpg,"Levi,levi",christinaenrico/stylish-things-from-levis,USD,fast fashion
13,126796489,Muted green chino pants,Muted green chino pants for a refreshing alternative to your everyday blue jeans.,in stock,new,69.5 USD,https://www.buzzfeed.com/christinaenrico/stylish-things-from-levis?origin=nofil#126796489,https://img.buzzfeed.com/buzzfeed-static/static/2021-04/1/16/asset/40d3be326e83/sub-buzz-540-1617294444-12.jpg,"Levi,levi",christinaenrico/stylish-things-from-levis,USD,fast fashion
14,126793965,denim skirt,A denim skirt with a high-rise fit and distressed trim for a little ~edge.~,in stock,new,69.5 USD,https://www.buzzfeed.com/christinaenrico/stylish-things-from-levis?origin=nofil#126793965,https://img.buzzfeed.com/buzzfeed-static/static/2021-04/1/5/asset/3b471616b3f4/sub-buzz-4989-1617255771-17.jpg,"Levi,levi",christinaenrico/stylish-things-from-levis,USD,fast fashion
15,126794232,Overalls,"Overalls that are adjustable, have multiple pockets (win), and can be styled with a crop top, T-shirt, or blouse so you can wear them for any occasion, season after season.",in stock,new,79.5 USD,https://www.buzzfeed.com/christinaenrico/stylish-things-from-levis?origin=nofil#126794232,https://img.buzzfeed.com/buzzfeed-static/static/2021-04/1/7/asset/5605245003b3/sub-buzz-5003-1617261615-12.jpg,"Levi,levi",christinaenrico/stylish-things-from-levis,USD,fast fashion
16,126794302,Loose-fit pants,"Loose-fit pants with matching belt for a stylish cinched-waist look. Don't be too intimidated by this pleated trouser ‚Äî sure, they'll come in handy for dressier occasions buuut, they can easily be dressed down with a simple tee.",in stock,new,108.0 USD,https://www.buzzfeed.com/christinaenrico/stylish-things-from-levis?origin=nofil#126794302,https://img.buzzfeed.com/buzzfeed-static/static/2021-04/1/8/asset/99b1908a9889/sub-buzz-5078-1617264018-11.jpg,"Levi,levi",christinaenrico/stylish-things-from-levis,USD,fast fashion
17,126794337,Cubano shirt,A Cubano shirt that's a little dressier than your normal T-shirt but much more fun than your average button-down.,in stock,new,64.5 USD,https://www.buzzfeed.com/christinaenrico/stylish-things-from-levis?origin=nofil#126794337,https://img.buzzfeed.com/buzzfeed-static/static/2021-04/1/8/asset/6392c1e7ce7f/sub-buzz-5098-1617266045-3.jpg,"Levi,levi",christinaenrico/stylish-things-from-levis,USD,fast fashion
18,126796260,Bermuda shorts,"Bermuda shorts made from ultra soft denim, giving you all the style of jean shorts without the stiff and uncomfortable feel.",in stock,new,44.5 USD,https://www.buzzfeed.com/christinaenrico/stylish-things-from-levis?origin=nofil#126796260,https://img.buzzfeed.com/buzzfeed-static/static/2021-04/1/16/asset/1f90543ebcd8/sub-buzz-510-1617293011-1.jpg,"Levi,levi",christinaenrico/stylish-things-from-levis,USD,fast fashion
19,126796766,jumpsuit,A jumpsuit for the days when you can't be bothered to throw an outfit together. It has multiple pockets too so it works when you can't be bothered to tote around a bag either. One and done. üëèüëèüëè,in stock,new,128.0 USD,https://www.buzzfeed.com/christinaenrico/stylish-things-from-levis?origin=nofil#126796766,https://img.buzzfeed.com/buzzfeed-static/static/2021-04/1/16/asset/c210cfcb9c58/sub-buzz-554-1617296183-22.jpg,Levi,christinaenrico/stylish-things-from-levis,USD,fast fashion
20,126796847,cropped trucker jacket,A salmon-colored cropped trucker jacket for a little brightness. Spring is here and we're about to start dressing like it.,in stock,new,198.0 USD,https://www.buzzfeed.com/christinaenrico/stylish-things-from-levis?origin=nofil#126796847,https://img.buzzfeed.com/buzzfeed-static/static/2021-04/1/17/asset/a3674f59d8a5/sub-buzz-583-1617296932-1.jpg?resize=625:897,Levi,christinaenrico/stylish-things-from-levis,USD,fast fashion
21,126796993,floral smock dress,"A floral smock dress that's perfect for frolicking in the meadows...or ya know, going for a walk throughout your neighborhood or local park. Same thing ¬Ø\_(„ÉÑ)_/¬Ø",in stock,new,79.5 USD,https://www.buzzfeed.com/christinaenrico/stylish-things-from-levis?origin=nofil#126796993,https://img.buzzfeed.com/buzzfeed-static/static/2021-04/1/17/asset/1f90543ebcd8/sub-buzz-635-1617297893-2.jpg,Levi,christinaenrico/stylish-things-from-levis,USD,fast fashion
22,126797207,Levi's logo tank,A Levi's logo tank to throw on with Mom jeans for the most trendy yet effortless outfit ever. Pair with your favorite combat boots or a cute hat and I'm gonna confuse you for an influencer.,in stock,new,24.5 USD,https://www.buzzfeed.com/christinaenrico/stylish-things-from-levis?origin=nofil#126797207,https://img.buzzfeed.com/buzzfeed-static/static/2021-04/1/17/asset/84b77a9f68f9/sub-buzz-681-1617298676-1.jpg?resize=625:827,"Levi,levi",christinaenrico/stylish-things-from-levis,USD,fast fashion
23,126797328,T-shirt,"A simple, yet colorful, T-shirt in case you're looking to expand your horizons and stray away from your usual plain white tee.",in stock,new,29.5 USD,https://www.buzzfeed.com/christinaenrico/stylish-things-from-levis?origin=nofil#126797328,https://img.buzzfeed.com/buzzfeed-static/static/2021-04/1/17/asset/a0cdb38cad7d/sub-buzz-658-1617299312-22.jpg,"Levi,levi",christinaenrico/stylish-things-from-levis,USD,fast fashion
24,126797439,tie-dye half zip,"And a tie-dye half zip that'll add some fun to the gloomy, rainy days of spring.",in stock,new,69.5 USD,https://www.buzzfeed.com/christinaenrico/stylish-things-from-levis?origin=nofil#126797439,https://img.buzzfeed.com/buzzfeed-static/static/2021-04/1/18/asset/25e2b3dacc96/sub-buzz-706-1617300090-1.jpg,"Levi,levi",christinaenrico/stylish-things-from-levis,USD,fast fashion
,id,title,description,availability,condition,price,link,image_link,brand,custom_label_0,currency,custom_label_1
0,126761318,Revlon hot air brush,"A Revlon hot air brush to help you go from wet, tangled, frizzy hair to a shiny, salon-worthy blowout in minutes. FYI this is the hot air brush that all the influencers you follow on IG are raving about because it is just üëè that üëè good üëè.",in stock,new,40.99 USD,https://www.buzzfeed.com/melanie_aman/products-reviewers-say-totally-satisfied?origin=nofil#126761318,https://img.buzzfeed.com/buzzfeed-static/static/2021-03/26/16/asset/ce00d07041fd/sub-buzz-196-1616776018-47.jpg?resize=625:832,Amazon,melanie_aman/products-reviewers-say-totally-satisfied,USD,"cleaning,fast fashion"
2,126761320,handheld vacuum,"A devastatingly effective handheld vacuum that'll suck up pet hair. It has a special rubber nozzle that picks up fur with ease, especially on hard-to-vacuum areas like stairs. There's no bag, so simply pop off the canister when you're done vacuuming and dump the contents in the trash.",in stock,new,36.99 USD,https://www.buzzfeed.com/melanie_aman/products-reviewers-say-totally-satisfied?origin=nofil#126761320,https://img.buzzfeed.com/buzzfeed-static/static/2019-11/5/17/asset/3877401a2152/sub-buzz-913-1572976524-1.jpg?resize=625:469,Amazon,melanie_aman/products-reviewers-say-totally-satisfied,USD,cleaning
3,126761321,eye cream,"A tub of brightening, firming, and rejuvenating eye cream so you at least look like you got some sleep (even if you were up until 2 a.m. scrolling through Instagram).",in stock,new,29.99 USD,https://www.buzzfeed.com/melanie_aman/products-reviewers-say-totally-satisfied?origin=nofil#126761321,https://img.buzzfeed.com/buzzfeed-static/static/2020-11/21/2/asset/78440aafbade/sub-buzz-18178-1605926470-15.jpg?resize=625:1075,Amazon,melanie_aman/products-reviewers-say-totally-satisfied,USD,"cleaning,fast fashion,skincare"
4,126761322,allergy supplement,"An immunity-boosting allergy supplement for dogs who need relief from itchy hotspots. These soft chews deliver a dose of probiotics and other nutrients to improve immune function, aide digestion, promote healthy skin, and add shine to a dog's coat.",in stock,new,25.96 USD,https://www.buzzfeed.com/melanie_aman/products-reviewers-say-totally-satisfied?origin=nofil#126761322,https://img.buzzfeed.com/buzzfeed-static/static/2019-09/23/14/asset/728ba94c873e/sub-buzz-7412-1569247281-2.jpg?resize=625:625,Amazon,melanie_aman/products-reviewers-say-totally-satisfied,USD,cleaning
5,126761323,Kegel weights,"A set of Kegel weights if you struggle with incontinence or painful sex. These are especially great for people who've just given birth, though anyone can benefit from strengthening their pelvic floor muscles.",in stock,new,49.99 USD,https://www.buzzfeed.com/melanie_aman/products-reviewers-say-totally-satisfied?origin=nofil#126761323,https://img.buzzfeed.com/buzzfeed-static/static/2019-10/25/17/asset/fc24177ef566/sub-buzz-1698-1572025160-1.jpg?resize=625:469,Amazon,melanie_aman/products-reviewers-say-totally-satisfied,USD,"cleaning,fast fashion"
6,126761324,foot peel mask,A foot peel mask because how can you say no to these before and after photos? I mean... *insert Will Smith tada meme*.,in stock,new,27.95 USD,https://www.buzzfeed.com/melanie_aman/products-reviewers-say-totally-satisfied?origin=nofil#126761324,https://img.buzzfeed.com/buzzfeed-static/static/2019-10/29/21/asset/66640db7a203/sub-buzz-354-1572384032-1.jpg?resize=625:431,Amazon,melanie_aman/products-reviewers-say-totally-satisfied,USD,"cleaning,fast fashion,skincare"
7,126761325,at-home teeth whitening kit,"An at-home teeth whitening kit to lighten your smile sans the exorbitant dentist bill. This set comes with a comfortable custom fit tray and an LED light so you can chill with your favorite show while your teeth whiten. If you use it consistently, you can expect a set of pearly whites that are two to eight shades whiter than before.",in stock,new,45.0 USD,https://www.buzzfeed.com/melanie_aman/products-reviewers-say-totally-satisfied?origin=nofil#126761325,https://img.buzzfeed.com/buzzfeed-static/static/2019-11/5/16/asset/99caa02600b5/sub-buzz-1392-1572969866-3.jpg?resize=625:625,Amazon,melanie_aman/products-reviewers-say-totally-satisfied,USD,"cleaning,fast fashion"
8,126761326,silicone kitchen sink organizer,"A flexible, silicone kitchen sink organizer that'll neatly hold your sponge, dish soap, hand soap, and more. (I can't be the only one who gets annoyed when my roommate leaves a wet sponge just sitting on the counter!) And it wipes clean since it's made of silicone so you don't have to worry about yucky mold and mildew.",in stock,new,12.99 USD,https://www.buzzfeed.com/melanie_aman/products-reviewers-say-totally-satisfied?origin=nofil#126761326,"https://img.buzzfeed.com/buzzfeed-static/static/2020-10/29/15/asset/ad91b38218b0/sub-buzz-160-1603984047-7.jpg?crop=1224:1273;0,0&resize=625:*",Amazon,melanie_aman/products-reviewers-say-totally-satisfied,USD,cleaning
9,126761327,detangling brush,A detangling brush so you separate knots without pulling and breaking your strands. It has flexible bristles that work through gnarls on wet or dry hair.,in stock,new,12.88 USD,https://www.buzzfeed.com/melanie_aman/products-reviewers-say-totally-satisfied?origin=nofil#126761327,https://img.buzzfeed.com/buzzfeed-static/static/2021-02/6/19/asset/cb4b9aaeff63/sub-buzz-3332-1612641580-16.jpg?resize=625:*,Amazon,melanie_aman/products-reviewers-say-totally-satisfied,USD,"cleaning,fast fashion,skincare"
10,126761328,pet hair remover,"A pet hair remover for anyone who loves their fur baby but also loves not having their outfit ruined by sitting on a furry chair. Roll it over your couch, bed, favorite blanket, you name it, and watch it lift the fur away. See, we can own nice things!!",in stock,new,24.95 USD,https://www.buzzfeed.com/melanie_aman/products-reviewers-say-totally-satisfied?origin=nofil#126761328,https://img.buzzfeed.com/buzzfeed-static/static/2020-09/18/1/asset/0d00c66f0935/sub-buzz-13775-1600393775-2.jpg?resize=625:469,Amazon,melanie_aman/products-reviewers-say-totally-satisfied,USD,"cleaning,fast fashion"
11,126761329,acne patch,"An acne patch if your good day is threatened by a pimple that pops up at the *worst* possible moment. Hydrocolloid, tea tree oil, and calendula oil are gentle on the skin while still drawing out fluids and pus from your pimple.",in stock,new,8.5 USD,https://www.buzzfeed.com/melanie_aman/products-reviewers-say-totally-satisfied?origin=nofil#126761329,https://img.buzzfeed.com/buzzfeed-static/static/2019-10/17/21/asset/37e148267cd7/sub-buzz-1156-1571346860-2.jpg?resize=625:833,Amazon,melanie_aman/products-reviewers-say-totally-satisfied,USD,"cleaning,fast fashion,skincare"
12,126761330,high-waisted leggings,"A pair of super soft high-waisted leggings, because you deserve this level of comfort. More than 31,000 people have given them a 5-star review and say they're definitely opaque so you can live your best life without worrying about showing everyone your underwear.",in stock,new,9.99 USD,https://www.buzzfeed.com/melanie_aman/products-reviewers-say-totally-satisfied?origin=nofil#126761330,https://img.buzzfeed.com/buzzfeed-static/static/2020-01/29/17/asset/fd06e27b1f6d/sub-buzz-2097-1580319614-6.jpg?resize=625:521,Amazon,melanie_aman/products-reviewers-say-totally-satisfied,USD,"cleaning,fast fashion"
13,126761331,16 sheet masks,A set of 16 sheet masks to pamper your skin and maybe terrify your roomate 1) because you look like Michael Myers and 2) because they're so darn effective,in stock,new,9.99 USD,https://www.buzzfeed.com/melanie_aman/products-reviewers-say-totally-satisfied?origin=nofil#126761331,https://img.buzzfeed.com/buzzfeed-static/static/2019-12/9/20/asset/8fd2c7839c2a/sub-buzz-212-1575923414-1.jpg?resize=625:1039,Amazon,melanie_aman/products-reviewers-say-totally-satisfied,USD,"cleaning,fast fashion,skincare"
14,126761332,clear eyebrow gel,An clear eyebrow gel that'll hold each hair in place so your brows always look perfectly groomed.,in stock,new,5.99 USD,https://www.buzzfeed.com/melanie_aman/products-reviewers-say-totally-satisfied?origin=nofil#126761332,https://img.buzzfeed.com/buzzfeed-static/static/2020-01/30/16/asset/e18506430d41/sub-buzz-177-1580402817-1.jpg?resize=625:625,Amazon,melanie_aman/products-reviewers-say-totally-satisfied,USD,"cleaning,fast fashion"
15,126761333,rechargeable lighter,A rechargeable lighter so you can light just about anything without struggling to use a lighter. This is especially great if you have mobility issues or arthritis as it turns on with a simple switch.,in stock,new,12.99 USD,https://www.buzzfeed.com/melanie_aman/products-reviewers-say-totally-satisfied?origin=nofil#126761333,https://img.buzzfeed.com/buzzfeed-static/static/2019-12/30/16/asset/fd8168a6aab1/anigif_sub-buzz-2719-1577724663-11.gif?resize=625:*,Amazon,melanie_aman/products-reviewers-say-totally-satisfied,USD,"cleaning,fast fashion"
16,126761334,pumice cleaning stone,"A pumice cleaning stone for powering through tough rust, lime, and calcium streaks that have retired many a toilet scrubbing brush. Give your tired arms a break and let this little guy rub away discoloration with ease. This nontoxic cleaner is tough on dirt but gentle on porcelain so you can sit atop the glistening throne you deserve.",in stock,new,8.99 USD,https://www.buzzfeed.com/melanie_aman/products-reviewers-say-totally-satisfied?origin=nofil#126761334,https://img.buzzfeed.com/buzzfeed-static/static/2019-09/4/14/asset/276f209a8a01/sub-buzz-2731-1567607184-1.jpg?resize=625:833,Amazon,melanie_aman/products-reviewers-say-totally-satisfied,USD,cleaning
17,126761335,electrical outlet cover with a power strip,An electrical outlet cover with a power strip if you're tired of cluttered cords being an eyesore. It's also pretty great if you want to push your furniture right up against the wall but can't because your phone charger adapter is in the way.,in stock,new,23.95 USD,https://www.buzzfeed.com/melanie_aman/products-reviewers-say-totally-satisfied?origin=nofil#126761335,https://img.buzzfeed.com/buzzfeed-static/static/2021-01/26/22/asset/b041a4b29190/sub-buzz-726-1611698442-7.jpg?resize=625:*,Amazon,melanie_aman/products-reviewers-say-totally-satisfied,USD,"cleaning,fast fashion"
18,126761336,hard water booster powder,A bottle of hard water booster powder because your mugs look like the one on the left (aka cloudy) and you want them to look like the mug on the right (aka nice and shiny).,in stock,new,5.97 USD,https://www.buzzfeed.com/melanie_aman/products-reviewers-say-totally-satisfied?origin=nofil#126761336,https://img.buzzfeed.com/buzzfeed-static/static/2018-09/26/15/asset/buzzfeed-prod-web-03/sub-buzz-7402-1537991572-11.png?resize=625:466,Amazon,melanie_aman/products-reviewers-say-totally-satisfied,USD,cleaning
19,126761337,eye compression mask,"An eye compression mask that molds to your face to block out every speck of light. It was designed by an orthopedic surgeon to relieve migraines, tension headaches, sinus pain, and eye strain, plus it's filled with massaging beads to reduce pressure on your eyes.",in stock,new,13.54 USD,https://www.buzzfeed.com/melanie_aman/products-reviewers-say-totally-satisfied?origin=nofil#126761337,https://img.buzzfeed.com/buzzfeed-static/static/2021-02/6/20/asset/aef01414c8be/sub-buzz-3347-1612641656-9.jpg?resize=625:625,Amazon,melanie_aman/products-reviewers-say-totally-satisfied,USD,"cleaning,fast fashion"
20,126761338,dandruff shampoo,"A dandruff shampoo to banish white flakes from your scalp. It's made with ketoconazole 1%, an antifungal ingredient that'll tell your dandruff it's no longer welcome here.",in stock,new,14.84 USD,https://www.buzzfeed.com/melanie_aman/products-reviewers-say-totally-satisfied?origin=nofil#126761338,https://img.buzzfeed.com/buzzfeed-static/static/2019-10/24/20/asset/8d63e7eea0be/sub-buzz-243-1571950237-1.jpg?resize=625:625,Amazon,melanie_aman/products-reviewers-say-totally-satisfied,USD,"cleaning,fast fashion,skincare"
21,126761339,cruelty-free lengthening mascara,"A cruelty-free lengthening mascara so your usually sad, stick-straight lashes actually hold a voluminous curl. It's lightweight, won't transfer, doesn't smudge, and lasts all day ‚Äî what more could you ask for?",in stock,new,4.99 USD,https://www.buzzfeed.com/melanie_aman/products-reviewers-say-totally-satisfied?origin=nofil#126761339,https://img.buzzfeed.com/buzzfeed-static/static/2020-11/22/0/asset/184616d5f766/sub-buzz-19260-1606006070-15.jpg?resize=625:625,Amazon,melanie_aman/products-reviewers-say-totally-satisfied,USD,cleaning
22,126761340,rechargeable hand warmer,A rechargeable hand warmer if you have perpetually cold hands ‚Äî this itty bitty bb is deceptively powerful and can reach 131 degrees Fahrenheit.,in stock,new,26.99 USD,https://www.buzzfeed.com/melanie_aman/products-reviewers-say-totally-satisfied?origin=nofil#126761340,https://img.buzzfeed.com/buzzfeed-static/static/2019-12/10/22/asset/d10a9bcc977a/sub-buzz-553-1576016870-3.jpg?resize=625:781,Amazon,melanie_aman/products-reviewers-say-totally-satisfied,USD,"cleaning,fast fashion"
23,126761341,car seat gap filler,"A car seat gap filler from Shark Tank, because there's nothing that'll frustrate you more than dropping your phone down the crack between your seat and the console and going, ""Welp, there goes my phone forever.""",in stock,new,24.99 USD,https://www.buzzfeed.com/melanie_aman/products-reviewers-say-totally-satisfied?origin=nofil#126761341,https://img.buzzfeed.com/buzzfeed-static/static/2019-12/20/17/asset/3a6729677dba/sub-buzz-1797-1576862802-19.jpg?resize=625:469,Amazon,melanie_aman/products-reviewers-say-totally-satisfied,USD,"cleaning,fast fashion"
24,126761342,multi-use skincare oil,"A multi-use skincare oil to treat a variety of issues, including uneven skin, stretch marks, and acne scars. It helps your body retain moisture (bye bye dry skin!) and absorbs into the skin fast so you won't feel greasy.",in stock,new,8.92 USD,https://www.buzzfeed.com/melanie_aman/products-reviewers-say-totally-satisfied?origin=nofil#126761342,https://img.buzzfeed.com/buzzfeed-static/static/2020-02/11/21/asset/b3da10f810ed/sub-buzz-616-1581457233-13.jpg?resize=625:611,Amazon,melanie_aman/products-reviewers-say-totally-satisfied,USD,"cleaning,fast fashion"
25,126761343,roll-on migraine stick,"A roll-on migraine stick that may help soothe your mind-numbing headache with a mixture of peppermint, spearmint, lavender, and coconut oil.",in stock,new,12.95 USD,https://www.buzzfeed.com/melanie_aman/products-reviewers-say-totally-satisfied?origin=nofil#126761343,https://img.buzzfeed.com/buzzfeed-static/static/2019-10/15/21/asset/9e7d5201b57c/sub-buzz-929-1571174810-1.jpg?resize=625:833,Amazon,melanie_aman/products-reviewers-say-totally-satisfied,USD,"cleaning,fast fashion,skincare"
26,126761344,habit tracker,"A habit tracker so you can hold yourself accountable (remember those resolutions you made in January?). It can be as simple as making sure you drink a certain amount of water each day to something more difficult, like getting eight hours of sleep each night.",in stock,new,18.0 USD,https://www.buzzfeed.com/melanie_aman/products-reviewers-say-totally-satisfied?origin=nofil#126761344,https://img.buzzfeed.com/buzzfeed-static/static/2020-02/11/22/asset/a8102ed953ce/sub-buzz-703-1581461204-1.jpg?resize=625:469,Amazon,melanie_aman/products-reviewers-say-totally-satisfied,USD,"cleaning,fast fashion"
27,126761345,antifungal tea tree balm,"An antifungal tea tree balm for treating basically any somewhat embarrassing skin condition you can think of: athlete's foot, ringworm, jock itch, and even just dry skin.",in stock,new,34.97 USD,https://www.buzzfeed.com/melanie_aman/products-reviewers-say-totally-satisfied?origin=nofil#126761345,https://img.buzzfeed.com/buzzfeed-static/static/2019-10/25/14/asset/2c4309d1c568/sub-buzz-2471-1572014770-2.jpg?resize=625:834,Amazon,melanie_aman/products-reviewers-say-totally-satisfied,USD,"cleaning,fast fashion,skincare"
28,126761346,dark spot corrector,"A dark spot corrector if melasma or other types of hyperpigmentation make you feel self-conscious. This serum contains hydroquinone and kojic acid, among other things, to fade any discoloration so your skin looks glowy and smooth.",in stock,new,20.4 USD,https://www.buzzfeed.com/melanie_aman/products-reviewers-say-totally-satisfied?origin=nofil#126761346,https://img.buzzfeed.com/buzzfeed-static/static/2020-02/11/20/asset/b3da10f810ed/sub-buzz-521-1581451577-4.jpg?resize=625:665,Amazon,melanie_aman/products-reviewers-say-totally-satisfied,USD,"cleaning,fast fashion,skincare"
29,126761347,mold and mildew remover,"A mold and mildew remover because you can set it, forget it, and come back in a few hours to see grout that looks like new. I'm talking basically every speck of black mold is gone! *Cues up ""Do You Believe in Magic""*",in stock,new,12.99 USD,https://www.buzzfeed.com/melanie_aman/products-reviewers-say-totally-satisfied?origin=nofil#126761347,https://img.buzzfeed.com/buzzfeed-static/static/2020-12/29/19/asset/bb058491d00d/sub-buzz-19366-1609271466-6.jpg,Amazon,melanie_aman/products-reviewers-say-totally-satisfied,USD,"cleaning,fast fashion"
30,126761348,faux-leather leggings,"A sleek pair of faux-leather leggings to make you and your üçë feel luxe but also like you're wearing the world's softest pajama pants (yes, they're that comfy!).",in stock,new,29.15 USD,https://www.buzzfeed.com/melanie_aman/products-reviewers-say-totally-satisfied?origin=nofil#126761348,https://img.buzzfeed.com/buzzfeed-static/static/2020-01/28/20/asset/9fc5a8d38497/sub-buzz-2063-1580243909-7.jpg?resize=625:748,Amazon,melanie_aman/products-reviewers-say-totally-satisfied,USD,"cleaning,fast fashion"
,id,title,description,availability,condition,price,link,image_link,brand,custom_label_0,currency,custom_label_1
44,126811408,Jos A Bank,"Sweaters starting at $29, dress shirts for $29, 2/$50 pants, and 5/$20 socks at Jos A Bank.",in stock,new,29.0 USD,https://www.buzzfeed.com/bekoconnell/deals-to-check-out-this-weekend-4-5?origin=nofil#126811408,https://img.buzzfeed.com/buzzfeed-static/static/2021-04/1/18/asset/1f90543ebcd8/sub-buzz-700-1617300630-30.png?resize=625:894,josbank,bekoconnell/deals-to-check-out-this-weekend-4-5,USD,fast fashion
,id,title,description,availability,condition,price,link,image_link,brand,custom_label_0,currency,custom_label_1
0,126790677,bread loaf slippers,"A pair of bread loaf slippers so you can do more ~loafing~ around the house. If you said you've been wanting new slippers, then these are sure to butter you up.",in stock,new,7.99 USD,https://www.buzzfeed.com/alifacc/fun-and-quirky-products?origin=nofil#126790677,https://img.buzzfeed.com/buzzfeed-static/static/2021-03/24/21/asset/fcb048087ca5/sub-buzz-12208-1616620303-3.png?resize=625:418,Amazon,alifacc/fun-and-quirky-products,USD,"cleaning,fast fashion"
4,126795527,Yahtzee Cup Of Noodles,"A Yahtzee Cup Of Noodles themed game for noodles and oodles of fun. Good, now I'm hungry.",in stock,new,29.95 USD,https://www.buzzfeed.com/alifacc/fun-and-quirky-products?origin=nofil#126795527,https://img.buzzfeed.com/buzzfeed-static/static/2021-03/22/15/asset/fcb048087ca5/sub-buzz-7789-1616427541-36.png?resize=625:*,Amazon,alifacc/fun-and-quirky-products,USD,"cleaning,fast fashion"
6,126790676,Baby Yoda night-light,"A Baby Yoda night-light if your room is in some desperate need of galactic glow in the wee hours of the night. When in doubt, Baby Yoda will always be there to *light* the way.",in stock,new,6.99 USD,https://www.buzzfeed.com/alifacc/fun-and-quirky-products?origin=nofil#126790676,https://img.buzzfeed.com/buzzfeed-static/static/2020-09/15/19/asset/e44f1467fc5a/anigif_sub-buzz-9140-1600196834-21.gif?resize=625:*,Amazon,alifacc/fun-and-quirky-products,USD,cleaning
7,126790671,light saber chopsticks,And a pair of glowing light saber chopsticks that'll make enjoying sushi an outta this world experience.,in stock,new,11.98 USD,https://www.buzzfeed.com/alifacc/fun-and-quirky-products?origin=nofil#126790671,https://img.buzzfeed.com/buzzfeed-static/static/2020-08/13/18/asset/ebd272f8b183/anigif_sub-buzz-4652-1597344790-4.gif?resize=625:*,Amazon,alifacc/fun-and-quirky-products,USD,"cleaning,fast fashion"
8,126790673,stationery super pack,"A Lisa Frank stationery super pack to relive the glory days of pasting stickers all over your diary and Polaroid pictures. This set alone comes with over 2,200 stickers. üòçüåà",in stock,new,14.95 USD,https://www.buzzfeed.com/alifacc/fun-and-quirky-products?origin=nofil#126790673,https://img.buzzfeed.com/buzzfeed-static/static/2021-02/17/20/asset/552a33d56d94/sub-buzz-2053-1613595165-12.png?resize=625:587,Amazon,alifacc/fun-and-quirky-products,USD,"cleaning,fast fashion"
12,126795528,Kaja Cheeky Stamp,A Kaja Cheeky Stamp so you can apply your blush with a fun twist with its heart-shaped applicator. Pop a heart on your cheeks and blend out with your makeup sponge or brush for a flirty flush.,in stock,new,24.0 USD,https://www.buzzfeed.com/alifacc/fun-and-quirky-products?origin=nofil#126795528,https://img.buzzfeed.com/buzzfeed-static/static/2021-03/2/21/asset/a0cd6af14b09/sub-buzz-760-1614720013-20.png?resize=625:629,Sephora,alifacc/fun-and-quirky-products,USD,cleaning
13,126797396,Wildflower mushroom phone case,A Wildflower mushroom phone case to supply your most-used tech device with some Wonderland vibes.,in stock,new,35.0 USD,https://www.buzzfeed.com/alifacc/fun-and-quirky-products?origin=nofil#126797396,https://img.buzzfeed.com/buzzfeed-static/static/2021-04/1/17/asset/a0cdb38cad7d/sub-buzz-653-1617299634-40.png?resize=625:1036,Urban Outfitters,alifacc/fun-and-quirky-products,USD,fast fashion
14,126790674,dinosaur-shaped chip and dip set,A dinosaur-shaped chip and dip set that'll hold your homemade tacos or chips and look ~DINO-MITE~ while doing so.,in stock,new,19.99 USD,https://www.buzzfeed.com/alifacc/fun-and-quirky-products?origin=nofil#126790674,https://img.buzzfeed.com/buzzfeed-static/static/2021-03/8/20/asset/8c86bcedc587/sub-buzz-11077-1615236531-14.jpg?resize=625:*,Amazon,alifacc/fun-and-quirky-products,USD,"cleaning,fast fashion"
15,126795529,little vacuum,"A cute little vacuum to help you clean up tiny messes (that unfortunately doesn't include the crappy week you recently had, although we'd love to vacuum that mess up).",in stock,new,15.95 USD,https://www.buzzfeed.com/alifacc/fun-and-quirky-products?origin=nofil#126795529,https://img.buzzfeed.com/buzzfeed-static/static/2020-12/16/15/asset/a33e60e64038/sub-buzz-329-1608131963-1.jpg?resize=625:938,"Urban Outfitters,urbanoutfitters",alifacc/fun-and-quirky-products,USD,cleaning
16,126796132,lip tint,"A Popsicle lip tint for adding a wash of color to your pout without committing to a super bright color. It's just like your lips, but better.",in stock,new,5.23 USD,https://www.buzzfeed.com/alifacc/fun-and-quirky-products?origin=nofil#126796132,https://img.buzzfeed.com/buzzfeed-static/static/2021-04/1/15/asset/84b77a9f68f9/sub-buzz-472-1617291946-2.png?resize=625:*,Amazon,alifacc/fun-and-quirky-products,USD,cleaning
17,126796255,Chia Pet,A baby Groot Chia Pet that truly transcends decades by bringing the good 'ole '90s into the 21st century...,in stock,new,19.98 USD,https://www.buzzfeed.com/alifacc/fun-and-quirky-products?origin=nofil#126796255,https://img.buzzfeed.com/buzzfeed-static/static/2021-04/1/16/asset/84b77a9f68f9/sub-buzz-496-1617292931-7.png?resize=625:449,Amazon,alifacc/fun-and-quirky-products,USD,"cleaning,fast fashion"
18,126790672,Saucemoto dip clip,A Saucemoto dip clip you can pop on your vents so you can enjoy your chicken nuggets and barbecue sauce in peace. *Adds to cart immediately*,in stock,new,10.25 USD,https://www.buzzfeed.com/alifacc/fun-and-quirky-products?origin=nofil#126790672,https://img.buzzfeed.com/buzzfeed-static/static/2021-02/23/17/asset/132a305181ba/sub-buzz-2249-1614101769-3.png?resize=625:*,Amazon,alifacc/fun-and-quirky-products,USD,"cleaning,fast fashion"
19,126796277,mini desktop bowling set,"A mini desktop bowling set so in those off-hours where you're not scrambling to get to your next Zoom call, you can hit a few spares and strikes. Calling all competitive sports fans!!!",in stock,new,10.99 USD,https://www.buzzfeed.com/alifacc/fun-and-quirky-products?origin=nofil#126796277,https://img.buzzfeed.com/buzzfeed-static/static/2021-04/1/16/asset/25e2b3dacc96/sub-buzz-496-1617293173-8.png?resize=625:504,Amazon,alifacc/fun-and-quirky-products,USD,"cleaning,fast fashion"
20,126795993,exfoliating jellyfish brush,An exfoliating jellyfish brush to assist you with your weekly exfoliations. Nothing like a good deep pore scrubbing with a buddy.,in stock,new,5.98 USD,https://www.buzzfeed.com/alifacc/fun-and-quirky-products?origin=nofil#126795993,https://img.buzzfeed.com/buzzfeed-static/static/2021-04/1/15/asset/25e2b3dacc96/sub-buzz-467-1617291673-1.png,Amazon,alifacc/fun-and-quirky-products,USD,cleaning
21,126796305,moon lamp,A moon lamp for providing a moody glow on your bedside table to enjoy while you're doing your nightly reading.,in stock,new,16.99 USD,https://www.buzzfeed.com/alifacc/fun-and-quirky-products?origin=nofil#126796305,https://img.buzzfeed.com/buzzfeed-static/static/2021-04/1/16/asset/beb99e5b69e7/sub-buzz-502-1617293382-3.png?resize=625:599,Amazon,alifacc/fun-and-quirky-products,USD,"cleaning,fast fashion"
24,126797437,memory foam baguette wrist rest,"A memory foam baguette wrist rest that'll stay put at your computer so when you're typing away on your keyboard, you don't have to worry about the pain of your forearms resting on the hard surface.",in stock,new,13.99 USD,https://www.buzzfeed.com/alifacc/fun-and-quirky-products?origin=nofil#126797437,https://img.buzzfeed.com/buzzfeed-static/static/2021-01/19/20/asset/0308066dc00f/sub-buzz-17853-1611088341-8.jpg?resize=625:833,Amazon,alifacc/fun-and-quirky-products,USD,cleaning
25,126797438,kitten ear headband,A kitten ear headband for keeping your hair out of your face while you apply your nightly skincare routine. You won't have to worry about your hair getting stuck in your clay mask anymore (and c'mon ‚Äî it's sooooo cute).,in stock,new,5.8 USD,https://www.buzzfeed.com/alifacc/fun-and-quirky-products?origin=nofil#126797438,https://img.buzzfeed.com/buzzfeed-static/static/2020-12/16/15/asset/a5e833691362/sub-buzz-345-1608133770-2.png?resize=625:824,Amazon,alifacc/fun-and-quirky-products,USD,"cleaning,fast fashion"
,id,title,description,availability,condition,price,link,image_link,brand,custom_label_0,currency,custom_label_1
4,126808833,pair of fabric masks,50% off a pair of fabric masks.,in stock,new,2.5 USD,https://www.buzzfeed.com/emilyshwake/target-deals-shwake-4-5-21-5915820?origin=nofil#126808833,"https://img.buzzfeed.com/buzzfeed-static/static/2021-04/4/20/asset/3ab9fa2186f6/sub-buzz-7680-1617569148-36.jpg?crop=1400:1095;0,130&resize=625:*",target,emilyshwake/target-deals-shwake-4-5-21-5915820,USD,fast fashion
18,126808861,face plant holder,35% off a face plant holder.,in stock,new,9.74 USD,https://www.buzzfeed.com/emilyshwake/target-deals-shwake-4-5-21-5915820?origin=nofil#126808861,"https://img.buzzfeed.com/buzzfeed-static/static/2021-04/4/21/asset/2a2bd208a383/sub-buzz-7799-1617570744-10.jpg?crop=460:399;137,149&resize=625:*",target,emilyshwake/target-deals-shwake-4-5-21-5915820,USD,fast fashion
24,126808878,weighted vest,25% off a weighted vest.,in stock,new,26.24 USD,https://www.buzzfeed.com/emilyshwake/target-deals-shwake-4-5-21-5915820?origin=nofil#126808878,"https://img.buzzfeed.com/buzzfeed-static/static/2021-04/4/21/asset/bd95a4263cf8/sub-buzz-7824-1617571392-2.jpg?crop=700:415;0,285&resize=625:*",target,emilyshwake/target-deals-shwake-4-5-21-5915820,USD,fast fashion
,id,title,description,availability,condition,price,link,image_link,brand,custom_label_0,currency,custom_label_1
0,126788099,48-needle meat tenderizer,"A 48-needle meat tenderizer that'll help even the toughest cuts turn out tender and juicy by 1) breaking down connective tissues that make meat tough and chewy, and 2) creating tiny channels in the meat to allow marinades to be fully absorbed in as little as five minutes *and* allow heat to penetrate more quickly so you can reduce cooking time by up to 40% ‚Äî which will help the meat retain those precious juices and keep it from drying out!",in stock,new,13.99 USD,https://www.buzzfeed.com/jonathanmazzei/things-thatll-make-it-almost-impossible-to-ruin-dinner-1?origin=nofil#126788099,https://img.buzzfeed.com/buzzfeed-static/static/2019-01/11/12/asset/buzzfeed-prod-web-01/sub-buzz-29797-1547228260-1.jpg?resize=625:561,Amazon,jonathanmazzei/things-thatll-make-it-almost-impossible-to-ruin-dinner-1,USD,"cleaning,fast fashion"
1,126788100,panini press grill,"A panini press grill that makes it quick and easy to achieve perfectly pressed sandwiches, quesadillas, and much more ‚Äî no flipping required! You can even use the lock top lid to warm things like personal pizzas and open-face sandwiches!",in stock,new,29.99 USD,https://www.buzzfeed.com/jonathanmazzei/things-thatll-make-it-almost-impossible-to-ruin-dinner-1?origin=nofil#126788100,https://img.buzzfeed.com/buzzfeed-static/static/2020-01/8/18/asset/e5b524cb206f/sub-buzz-209-1578508303-1.jpg?resize=625:833,Amazon,jonathanmazzei/things-thatll-make-it-almost-impossible-to-ruin-dinner-1,USD,"cleaning,fast fashion,skincare"
2,126788101,dumpling maker,"A handy dumpling maker here to simplify making homemade pot stickers, pierogis, empanadas, and turnovers if you haven't quite mastered making them by hand yet. Not to worry! All you have to do is lay the dough overtop, add your filling, and flip up one side so this ingenious accessory can do the cutting, sealing, and crimping for you! Pro skill levels very much not required.",in stock,new,10.99 USD,https://www.buzzfeed.com/jonathanmazzei/things-thatll-make-it-almost-impossible-to-ruin-dinner-1?origin=nofil#126788101,https://img.buzzfeed.com/buzzfeed-static/static/2020-03/18/13/asset/2bbf7998ff38/sub-buzz-5916-1584538861-2.jpg?resize=625:897,Amazon,jonathanmazzei/things-thatll-make-it-almost-impossible-to-ruin-dinner-1,USD,"cleaning,fast fashion"
3,126788102,sous vide cooker,A sous vide cooker that'll make over- or under- cooked meals a thing of the past. It takes the guesswork out of preparing dinner by maintaining the precise temperature to perfectly cook your meals so you get flawless results without much effort or monitoring from you at all!,in stock,new,125.92 USD,https://www.buzzfeed.com/jonathanmazzei/things-thatll-make-it-almost-impossible-to-ruin-dinner-1?origin=nofil#126788102,https://img.buzzfeed.com/buzzfeed-static/static/2019-10/29/22/asset/222b0e907735/sub-buzz-569-1572389929-1.png?resize=625:405,Amazon,jonathanmazzei/things-thatll-make-it-almost-impossible-to-ruin-dinner-1,USD,cleaning
4,126788103,Instant Pot,"An Instant Pot if you want delicious meals to basically cook themselves in very little time. You won't believe how quick and simple it is to make dishes that actually taste incredible using this miracle appliance that's basically a pressure cooker, a slow cooker, a rice cooker, a steamer, a saut√©-r, a yogurt maker, and a warmer ‚Äî all in one device!",in stock,new,59.92 USD,https://www.buzzfeed.com/jonathanmazzei/things-thatll-make-it-almost-impossible-to-ruin-dinner-1?origin=nofil#126788103,https://img.buzzfeed.com/buzzfeed-static/static/2019-10/29/22/asset/e94de6abd094/sub-buzz-551-1572389366-6.png?resize=625:350,Amazon,jonathanmazzei/things-thatll-make-it-almost-impossible-to-ruin-dinner-1,USD,cleaning
5,126788104,veggie spiralizer,A veggie spiralizer so you can easily turn your veggies into perfect noods simply by turning the handle!,in stock,new,30.42 USD,https://www.buzzfeed.com/jonathanmazzei/things-thatll-make-it-almost-impossible-to-ruin-dinner-1?origin=nofil#126788104,https://img.buzzfeed.com/buzzfeed-static/static/2019-10/29/23/asset/6eb412831ec5/sub-buzz-697-1572392705-8.png?resize=625:461,Amazon,jonathanmazzei/things-thatll-make-it-almost-impossible-to-ruin-dinner-1,USD,cleaning
6,126788105,microwave pasta maker,"A microwave pasta maker ‚Äì it'll actually give you perfect, al dente pasta in minutes with no mess or sticking to prove that spaghetti dinner doesn't have to be a time consuming hassle that's just one wrong move away from leaving you with mushy noods.",in stock,new,16.98 USD,https://www.buzzfeed.com/jonathanmazzei/things-thatll-make-it-almost-impossible-to-ruin-dinner-1?origin=nofil#126788105,https://img.buzzfeed.com/buzzfeed-static/static/2019-10/29/16/asset/40d94c5e0d5d/sub-buzz-863-1572367728-1.png?resize=625:861,Amazon,jonathanmazzei/things-thatll-make-it-almost-impossible-to-ruin-dinner-1,USD,cleaning
7,126788106,sushi-making kit,"A sushi-making kit that uses an innovative frame help you precisely layer your fillings, a rolling mat to help you mold a log, and a cutter to slice it into perfect sushi bites that won't fall apart like the first ones you attempted by hand.",in stock,new,5.0 USD,https://www.buzzfeed.com/jonathanmazzei/things-thatll-make-it-almost-impossible-to-ruin-dinner-1?origin=nofil#126788106,https://img.buzzfeed.com/buzzfeed-static/static/2019-10/4/20/asset/5a49dcf3f3ab/sub-buzz-838-1570219756-1.jpg?resize=625:543,Amazon,jonathanmazzei/things-thatll-make-it-almost-impossible-to-ruin-dinner-1,USD,cleaning
8,126788107,The Flavor Bible,"A copy of The Flavor Bible, full of helpful tips from leading chefs that'll strengthen your knowledge on how to season and combine ingredients, textures, and temperatures so you can feel more confident about experimenting with less fear of accidentally ruining all of your hard work all because of one pinch too many.",in stock,new,22.49 USD,https://www.buzzfeed.com/jonathanmazzei/things-thatll-make-it-almost-impossible-to-ruin-dinner-1?origin=nofil#126788107,https://img.buzzfeed.com/buzzfeed-static/static/2019-04/17/16/asset/buzzfeed-prod-web-02/sub-buzz-10416-1555533736-1.jpg?resize=625:814,Amazon,jonathanmazzei/things-thatll-make-it-almost-impossible-to-ruin-dinner-1,USD,"cleaning,fast fashion"
9,126788108,stuffed patty mold,A stuffed patty mold that helps you create the perfect little space for delicious fillings before sealing it up nicely to avoid your ingredients oozing out and burning during the cooking process. You'll end up with perfectly sized patties full of juicy and delicious flavor in every bite!,in stock,new,9.99 USD,https://www.buzzfeed.com/jonathanmazzei/things-thatll-make-it-almost-impossible-to-ruin-dinner-1?origin=nofil#126788108,"https://img.buzzfeed.com/buzzfeed-static/static/2018-03/30/16/asset/buzzfeed-prod-web-07/sub-buzz-12486-1522443151-2.jpg?crop=1500:975;0,473&resize=625:*",Amazon,jonathanmazzei/things-thatll-make-it-almost-impossible-to-ruin-dinner-1,USD,"cleaning,fast fashion"
10,126788110,microwave rice cooker,"A microwave rice cooker to effortlessly achieve perfectly steamed results every time, so you can stop struggling with the stovetop and always ending up with partially boiled or burned grains.",in stock,new,6.36 USD,https://www.buzzfeed.com/jonathanmazzei/things-thatll-make-it-almost-impossible-to-ruin-dinner-1?origin=nofil#126788110,https://img.buzzfeed.com/buzzfeed-static/static/2020-03/18/14/asset/d44acf689345/sub-buzz-5922-1584540514-8.jpg?resize=625:491,Amazon,jonathanmazzei/things-thatll-make-it-almost-impossible-to-ruin-dinner-1,USD,cleaning
11,126788111,perforated crisping pan,A perforated crisping pan ingeniously designed for even heat distribution and consistent results so your homemade or frozen pizza comes out nice and crunchy without the disappointment of ending up with a soggy or burnt crust.,in stock,new,24.72 USD,https://www.buzzfeed.com/jonathanmazzei/things-thatll-make-it-almost-impossible-to-ruin-dinner-1?origin=nofil#126788111,https://img.buzzfeed.com/buzzfeed-static/static/2020-03/18/14/asset/b53424ead1ec/sub-buzz-5967-1584540993-2.jpg?resize=625:*,Amazon,jonathanmazzei/things-thatll-make-it-almost-impossible-to-ruin-dinner-1,USD,cleaning
12,126788112,rapid egg cooker,"A rapid egg cooker that can make perfectly hard boiled, soft boiled, poached, and scrambled eggs in just minutes so you can stop putting in all the effort yourself, only to wind up with uneven results. It can even make an omelet if you wanna feel extra fancy!",in stock,new,18.99 USD,https://www.buzzfeed.com/jonathanmazzei/things-thatll-make-it-almost-impossible-to-ruin-dinner-1?origin=nofil#126788112,"https://img.buzzfeed.com/buzzfeed-static/static/2018-06/25/13/asset/buzzfeed-prod-web-05/sub-buzz-17565-1529947847-1.jpg?crop=1500:1249;0,251&resize=625:*",Amazon,jonathanmazzei/things-thatll-make-it-almost-impossible-to-ruin-dinner-1,USD,cleaning
14,126788113,air fryer,"A air fryer to make perfectly crispy fried food simply by setting the temperature and a timer. No oil splatters (in fact, no oil at all!) and no overcooking thanks to its auto-shutoff feature!",in stock,new,83.7 USD,https://www.buzzfeed.com/jonathanmazzei/things-thatll-make-it-almost-impossible-to-ruin-dinner-1?origin=nofil#126788113,https://img.buzzfeed.com/buzzfeed-static/static/2019-10/29/17/asset/86a9c45c4102/sub-buzz-5071-1572369711-1.jpg?resize=625:415,Amazon,jonathanmazzei/things-thatll-make-it-almost-impossible-to-ruin-dinner-1,USD,cleaning
15,126789921,Kochblume spill stopper,A Kochblume spill stopper that'll help you avoid a mess if your pot boils over. It traps excess foam and liquid so they don't spill all over your stove. No more hovering anxiously in the kitchen while waiting for your water to boil (and say goodbye to having a huge mess to clean up all because you BRIEFLY turned your head).,in stock,new,18.99 USD,https://www.buzzfeed.com/jonathanmazzei/things-thatll-make-it-almost-impossible-to-ruin-dinner-1?origin=nofil#126789921,https://img.buzzfeed.com/buzzfeed-static/static/2020-06/10/20/asset/c691251464d2/sub-buzz-2810-1591821838-34.jpg?resize=625:465,Amazon,jonathanmazzei/things-thatll-make-it-almost-impossible-to-ruin-dinner-1,USD,cleaning
16,126789924,multi-function chopping board,"A multi-function chopping board with a smooth side for normal cutting, and a side with specially designed spikes to grip meat, making it much easier to slice. It also features an angled cutting surface designed to catch any dripping juices or crumbs that go a-tumblin'.",in stock,new,18.07 USD,https://www.buzzfeed.com/jonathanmazzei/things-thatll-make-it-almost-impossible-to-ruin-dinner-1?origin=nofil#126789924,https://img.buzzfeed.com/buzzfeed-static/static/2018-11/30/12/asset/buzzfeed-prod-web-04/sub-buzz-22196-1543600359-1.jpg?resize=625:712,Amazon,jonathanmazzei/things-thatll-make-it-almost-impossible-to-ruin-dinner-1,USD,cleaning
17,126789926,digital food thermometer,A digital food thermometer so you can stop hemming and hawing over whether or not your chicken is cooked enough and quit losing precious juice from your steaks every time you cut them open to check on the middle. Just stick this lil' guy in and get an instant temperature reading!,in stock,new,12.99 USD,https://www.buzzfeed.com/jonathanmazzei/things-thatll-make-it-almost-impossible-to-ruin-dinner-1?origin=nofil#126789926,https://img.buzzfeed.com/buzzfeed-static/static/2018-11/30/13/asset/buzzfeed-prod-web-03/sub-buzz-15521-1543601808-4.jpg?resize=625:625,Amazon,jonathanmazzei/things-thatll-make-it-almost-impossible-to-ruin-dinner-1,USD,"cleaning,fast fashion"
18,126789923,two-stage electric knife-sharpener,A two-stage electric knife-sharpener to bring even the dullest blades back to life so you can always make nice clean cuts.,in stock,new,6.0 USD,https://www.buzzfeed.com/jonathanmazzei/things-thatll-make-it-almost-impossible-to-ruin-dinner-1?origin=nofil#126789923,"https://img.buzzfeed.com/buzzfeed-static/static/2018-11/30/12/asset/buzzfeed-prod-web-02/sub-buzz-14343-1543598903-14.jpg?crop=1178:865;0,135&resize=625:*",Amazon,jonathanmazzei/things-thatll-make-it-almost-impossible-to-ruin-dinner-1,USD,cleaning
19,126788479,"wooden children's ""knife""","And a wooden children's ""knife"" so your little one can safely help out in the kitchen without fear, because nothing ruins a meal quite like...an injury.",in stock,new,16.98 USD,https://www.buzzfeed.com/jonathanmazzei/things-thatll-make-it-almost-impossible-to-ruin-dinner-1?origin=nofil#126788479,https://img.buzzfeed.com/buzzfeed-static/static/2020-12/22/2/asset/d501ee3b6aaa/sub-buzz-6991-1608605533-21.jpg?resize=625:417,etsy,jonathanmazzei/things-thatll-make-it-almost-impossible-to-ruin-dinner-1,USD,cleaning
22,126788116,oven thermometer,"A little oven thermometer that'll provide a safety net in case your oven, grill, toaster oven, smoker, or any other heat-based food appliance's temperature reader isn't 100% accurate, which can lead to burnt or undercooked meals, even if you followed the instructions perfectly.",in stock,new,8.49 USD,https://www.buzzfeed.com/jonathanmazzei/things-thatll-make-it-almost-impossible-to-ruin-dinner-1?origin=nofil#126788116,https://img.buzzfeed.com/buzzfeed-static/static/2020-03/18/14/asset/a56c3449621f/sub-buzz-5984-1584541320-1.jpg?resize=625:625,Amazon,jonathanmazzei/things-thatll-make-it-almost-impossible-to-ruin-dinner-1,USD,"cleaning,fast fashion"
23,126788345,Always pan,An amazing Always pan designed to replace eight pieces of cookware so preparing a variety of dishes can be a lot less complicated.,in stock,new,145.0 USD,https://www.buzzfeed.com/jonathanmazzei/things-thatll-make-it-almost-impossible-to-ruin-dinner-1?origin=nofil#126788345,https://img.buzzfeed.com/buzzfeed-static/static/2020-07/29/14/asset/145248b19e78/sub-buzz-7836-1596032266-4.png?resize=625:*,fromourplace,jonathanmazzei/things-thatll-make-it-almost-impossible-to-ruin-dinner-1,USD,cleaning
24,126788486,pack of delicious pre-prepared seasoned beans,"A pack of delicious pre-prepared seasoned beans for those nights when you need one more side dish to fill out a meal, but don't have the time or ingredients to start from scratch. Just throw these in the microwave for 60 seconds, and BAM ‚Äî your problem is solved.",in stock,new,24.99 USD,https://www.buzzfeed.com/jonathanmazzei/things-thatll-make-it-almost-impossible-to-ruin-dinner-1?origin=nofil#126788486,https://img.buzzfeed.com/buzzfeed-static/static/2021-02/24/19/asset/0ff18136df0d/sub-buzz-4421-1614195289-18.jpg?resize=625:625,Amazon,jonathanmazzei/things-thatll-make-it-almost-impossible-to-ruin-dinner-1,USD,"cleaning,fast fashion"
26,126789927,cute kitchen timer,A cute kitchen timer to give yourself the gift of endless un-burned food.,in stock,new,10.99 USD,https://www.buzzfeed.com/jonathanmazzei/things-thatll-make-it-almost-impossible-to-ruin-dinner-1?origin=nofil#126789927,https://img.buzzfeed.com/buzzfeed-static/static/2020-01/17/17/asset/f1fa46540951/sub-buzz-3500-1579281237-5.jpg?resize=625:625,Amazon,jonathanmazzei/things-thatll-make-it-almost-impossible-to-ruin-dinner-1,USD,cleaning
27,126788514,online cooking class from Todo Verde,An online cooking class from Todo Verde that'll help you master plant-based Mexican dishes with authentic flavor!,in stock,new,15.0 USD,https://www.buzzfeed.com/jonathanmazzei/things-thatll-make-it-almost-impossible-to-ruin-dinner-1?origin=nofil#126788514,https://img.buzzfeed.com/buzzfeed-static/static/2020-12/7/17/asset/f9915c086cd5/sub-buzz-20537-1607363445-5.png?resize=625:*,todoverde,jonathanmazzei/things-thatll-make-it-almost-impossible-to-ruin-dinner-1,USD,cleaning
29,126788117,ceramic pie bird,"And finally, a classic ceramic pie bird that 1) keeps your pie filling from boiling over and getting your oven all messy, 2) distributes moisture to avoid the bottom getting soggy, and 3) makes sure the top crust cooks evenly without splitting ‚Äî all while looking very adorable.",in stock,new,4.6 USD,https://www.buzzfeed.com/jonathanmazzei/things-thatll-make-it-almost-impossible-to-ruin-dinner-1?origin=nofil#126788117,https://img.buzzfeed.com/buzzfeed-static/static/2019-11/1/19/asset/f8f866d6d1c9/sub-buzz-1044-1572634827-1.jpg?resize=625:1106,Amazon,jonathanmazzei/things-thatll-make-it-almost-impossible-to-ruin-dinner-1,USD,"cleaning,fast fashion"
,id,title,description,availability,condition,price,link,image_link,brand,custom_label_0,currency,custom_label_1
0,126772013,automatic water fountain,An automatic water fountain that'll keep them hydrated and occupied while you handle your WFH Zoom calls.,in stock,new,60.0 USD,https://www.buzzfeed.com/alifacc/pet-products-to-keep-them-entertained?origin=nofil#126772013,https://img.buzzfeed.com/buzzfeed-static/static/2019-12/22/21/asset/c732f06cffc3/sub-buzz-4209-1577048611-3.jpg?resize=625:833,Amazon,alifacc/pet-products-to-keep-them-entertained,USD,cleaning
1,126772014,stuffed duck,An adorable stuffed duck to keep them company during nap time snuggle sessions until you're able to snuggle with them on your lunch break.,in stock,new,6.99 USD,https://www.buzzfeed.com/alifacc/pet-products-to-keep-them-entertained?origin=nofil#126772014,https://img.buzzfeed.com/buzzfeed-static/static/2019-12/22/20/asset/23e2ac8825ec/sub-buzz-4060-1577044921-6.jpg?resize=625:791,Amazon,alifacc/pet-products-to-keep-them-entertained,USD,"cleaning,fast fashion"
2,126772015,purring cat toy,A purring cat toy if they need something to keep them company during their ~cat naps~. This will make them feel like they're snuggling up next to another kitty friend.,in stock,new,10.0 USD,https://www.buzzfeed.com/alifacc/pet-products-to-keep-them-entertained?origin=nofil#126772015,https://img.buzzfeed.com/buzzfeed-static/static/2019-12/22/20/asset/20b3650a608f/sub-buzz-4089-1577047230-21.jpg?resize=625:833,Amazon,alifacc/pet-products-to-keep-them-entertained,USD,"cleaning,fast fashion"
3,126772016,cat dancer toy,"A cat dancer toy because you won't be able to play with their favorite feather toy while tackling your heap of to-dos, so this will suffice and give them something to do.",in stock,new,2.99 USD,https://www.buzzfeed.com/alifacc/pet-products-to-keep-them-entertained?origin=nofil#126772016,https://img.buzzfeed.com/buzzfeed-static/static/2019-12/22/20/asset/166287faaab0/sub-buzz-3559-1577048277-1.jpg?resize=625:665,Amazon,alifacc/pet-products-to-keep-them-entertained,USD,"cleaning,fast fashion"
4,126772017,squirrel-hiding toy,A squirrel-hiding toy that's practically a two-in-one toy. This'll occupy their time trying to get the squirrels out and once they remove them they'll then have numerous toys to play with as they please.,in stock,new,12.99 USD,https://www.buzzfeed.com/alifacc/pet-products-to-keep-them-entertained?origin=nofil#126772017,https://img.buzzfeed.com/buzzfeed-static/static/2019-01/3/10/asset/buzzfeed-prod-web-05/sub-buzz-16236-1546528647-3.png?resize=625:505,Amazon,alifacc/pet-products-to-keep-them-entertained,USD,"cleaning,fast fashion"
5,126772019,cat condo,A leafy cat condo because they're probs obsessed with finding new hiding spots and this fun foliage tower will be their new go-to. At least you'll know where to find them once you finish that expense report...,in stock,new,133.61 USD,https://www.buzzfeed.com/alifacc/pet-products-to-keep-them-entertained?origin=nofil#126772019,https://img.buzzfeed.com/buzzfeed-static/static/2019-01/2/12/asset/buzzfeed-prod-web-02/sub-buzz-28448-1546450547-1.png?resize=625:957,Amazon,alifacc/pet-products-to-keep-them-entertained,USD,cleaning
6,126772020,interactive ball launcher,An interactive ball launcher to give your arm a break. They won't know the difference because they'll be too occupied with having fun.,in stock,new,115.0 USD,https://www.buzzfeed.com/alifacc/pet-products-to-keep-them-entertained?origin=nofil#126772020,https://img.buzzfeed.com/buzzfeed-static/static/2019-01/2/12/asset/buzzfeed-prod-web-04/sub-buzz-27924-1546451185-1.jpg?resize=625:415,Amazon,alifacc/pet-products-to-keep-them-entertained,USD,"cleaning,fast fashion"
8,126772021,interactive cat tower toy,"An interactive cat tower toy because they'll love clawing at this, instead of clawing at your precious furniture...",in stock,new,9.99 USD,https://www.buzzfeed.com/alifacc/pet-products-to-keep-them-entertained?origin=nofil#126772021,https://img.buzzfeed.com/buzzfeed-static/static/2019-01/2/13/asset/buzzfeed-prod-web-06/sub-buzz-19358-1546453380-1.png?resize=625:913,Amazon,alifacc/pet-products-to-keep-them-entertained,USD,"cleaning,fast fashion"
9,126772023,durable set of rope toys,A durable set of rope toys in case you have more than one pupper and they'll have fun tug-o'-warring over these. (My dogs love these toys and it's always so endearing seeing them play together!),in stock,new,9.87 USD,https://www.buzzfeed.com/alifacc/pet-products-to-keep-them-entertained?origin=nofil#126772023,https://img.buzzfeed.com/buzzfeed-static/static/2020-03/19/18/asset/ba522a9e3ab0/sub-buzz-1384-1584641742-13.jpg?resize=625:651,Amazon,alifacc/pet-products-to-keep-them-entertained,USD,"cleaning,fast fashion"
10,126772024,stuffing-less toy,A stuffing-less toy so you won't have to worry about them making a ruckus with squeaky toys while you sit on a conference call.,in stock,new,6.79 USD,https://www.buzzfeed.com/alifacc/pet-products-to-keep-them-entertained?origin=nofil#126772024,https://img.buzzfeed.com/buzzfeed-static/static/2019-01/2/15/asset/buzzfeed-prod-web-03/sub-buzz-12379-1546461120-1.png?resize=625:349,Amazon,alifacc/pet-products-to-keep-them-entertained,USD,"cleaning,fast fashion"
11,126772025,catnip-filled fruit toy,A catnip-filled fruit toy they won't be able to put down. The cat-nip will have them going back for more and more playtime so you can get more and more work crossed of your schedule.,in stock,new,3.99 USD,https://www.buzzfeed.com/alifacc/pet-products-to-keep-them-entertained?origin=nofil#126772025,https://img.buzzfeed.com/buzzfeed-static/static/2019-01/2/16/asset/buzzfeed-prod-web-06/sub-buzz-601-1546464207-1.png?resize=625:472,Amazon,alifacc/pet-products-to-keep-them-entertained,USD,"cleaning,fast fashion"
12,126772026,coco fiber ball,"A coco fiber ball they'll enjoy gnawing on so they're not gnawing at you to play with them while you're trying to send out your emails. *Not now Mr. Hoppers, I'm sending an important email!*",in stock,new,10.97 USD,https://www.buzzfeed.com/alifacc/pet-products-to-keep-them-entertained?origin=nofil#126772026,https://img.buzzfeed.com/buzzfeed-static/static/2019-08/15/15/asset/7ac3aee42e9e/sub-buzz-2724-1565884176-7.jpg?resize=625:625,Amazon,alifacc/pet-products-to-keep-them-entertained,USD,cleaning
13,126772027,secret hideaway,"A secret hideaway ‚Äî perfect for your bird or hamster that they'll enjoy climbing in and out of. TBH, you may just have to stop what you're working on to take a cute boomerang of them running across the bridge...",in stock,new,9.7 USD,https://www.buzzfeed.com/alifacc/pet-products-to-keep-them-entertained?origin=nofil#126772027,https://img.buzzfeed.com/buzzfeed-static/static/2019-08/15/15/asset/02f7cf914aaa/sub-buzz-1332-1565883648-1.png?resize=625:606,Amazon,alifacc/pet-products-to-keep-them-entertained,USD,cleaning
14,126772028,chewable carrot kebab,A chewable carrot kebab to keep them occupied as opposed to scratching at the cage to let them out. This'll also look super cute hanging in their little rabbit home.,in stock,new,3.49 USD,https://www.buzzfeed.com/alifacc/pet-products-to-keep-them-entertained?origin=nofil#126772028,https://img.buzzfeed.com/buzzfeed-static/static/2020-03/20/15/asset/cb7a846a5424/sub-buzz-2634-1584716419-1.jpg?resize=625:833,Amazon,alifacc/pet-products-to-keep-them-entertained,USD,"cleaning,fast fashion"
15,126772029,Wobble Wag Giggle ball,A Wobble Wag Giggle ball if they love interactive toys that also make fun noises. You may want to just make sure they're not playing with this while you're on an important call...unless you want giggle noises going off in the background (LOL).,in stock,new,11.99 USD,https://www.buzzfeed.com/alifacc/pet-products-to-keep-them-entertained?origin=nofil#126772029,https://img.buzzfeed.com/buzzfeed-static/static/2019-08/16/18/asset/b560dbda4c52/sub-buzz-830-1565979032-3.png?resize=625:1044,Amazon,alifacc/pet-products-to-keep-them-entertained,USD,"cleaning,fast fashion,skincare"
16,126772030,treat ball,Or this treat ball that has adjustable difficulty settings so if they're a play-time pro you can ensure this won't be too easy for them where they'll be bored after five minutes.,in stock,new,9.95 USD,https://www.buzzfeed.com/alifacc/pet-products-to-keep-them-entertained?origin=nofil#126772030,https://img.buzzfeed.com/buzzfeed-static/static/2019-08/16/18/asset/75a727bae7fa/sub-buzz-8222-1565979879-1.png?resize=625:447,Amazon,alifacc/pet-products-to-keep-them-entertained,USD,"cleaning,fast fashion"
17,126772031,pi√±ata toy,"A pi√±ata toy since you'll probs want some peace and quiet during your work day and this will do just the trick. A toy to get your chatty parrot to stop being, well ‚Äî chatty.",in stock,new,6.1 USD,https://www.buzzfeed.com/alifacc/pet-products-to-keep-them-entertained?origin=nofil#126772031,https://img.buzzfeed.com/buzzfeed-static/static/2020-03/20/14/asset/7f92007bc6e6/sub-buzz-2601-1584715785-2.jpg?resize=625:833,Amazon,alifacc/pet-products-to-keep-them-entertained,USD,"cleaning,fast fashion"
18,126772032,Kong,A incredibly durable Kong toy for any intense chewers who destroy practically any toy you get them (relatable). My little Yorkipoo destroys every toy and these she has yet to destroy.,in stock,new,7.49 USD,https://www.buzzfeed.com/alifacc/pet-products-to-keep-them-entertained?origin=nofil#126772032,https://img.buzzfeed.com/buzzfeed-static/static/2020-01/6/22/asset/a354efd2aff0/sub-buzz-1578-1578350264-1.jpg?resize=625:*,Amazon,alifacc/pet-products-to-keep-them-entertained,USD,"cleaning,fast fashion"
22,126772033,window perch,A window perch so they can take a much-needed cat nap in cozy bliss. They'll love being lazy in this new spot and it attaches easily to any sliding door made of glass! Time to soak up some sun.,in stock,new,35.99 USD,https://www.buzzfeed.com/alifacc/pet-products-to-keep-them-entertained?origin=nofil#126772033,https://img.buzzfeed.com/buzzfeed-static/static/2021-03/30/18/asset/1e370eebff43/sub-buzz-2095-1617130103-34.png?resize=625:*,Amazon,alifacc/pet-products-to-keep-them-entertained,USD,"cleaning,fast fashion"
23,126772034,activity mat,A stimulating activity mat they'll love exploring since there's quite literally something new with every step.,in stock,new,34.98 USD,https://www.buzzfeed.com/alifacc/pet-products-to-keep-them-entertained?origin=nofil#126772034,https://img.buzzfeed.com/buzzfeed-static/static/2020-01/23/18/asset/0a9834fd3050/sub-buzz-1861-1579804807-30.jpg?resize=625:469,Amazon,alifacc/pet-products-to-keep-them-entertained,USD,"cleaning,fast fashion"
24,126774842,catnip-infused felt balls,"A pack of catnip-infused felt balls that come in a such a fun variety of fun colors, they won't know which one to play with first.",in stock,new,12.99 USD,https://www.buzzfeed.com/alifacc/pet-products-to-keep-them-entertained?origin=nofil#126774842,https://img.buzzfeed.com/buzzfeed-static/static/2021-02/17/17/asset/02c68ac19037/sub-buzz-1607-1613581475-15.jpg?resize=625:625,etsy,alifacc/pet-products-to-keep-them-entertained,USD,cleaning
25,126772035,tunnel,A tunnel to keep your pet rodents occupied in their own personal playground dream.,in stock,new,8.78 USD,https://www.buzzfeed.com/alifacc/pet-products-to-keep-them-entertained?origin=nofil#126772035,https://img.buzzfeed.com/buzzfeed-static/static/2020-03/20/15/asset/0eccb1c366b4/sub-buzz-2663-1584717540-1.jpg?resize=625:416,Amazon,alifacc/pet-products-to-keep-them-entertained,USD,cleaning
26,126772036,pet cake kit,And this adorable pet cake kit to give to them at the end of your work day so you can show them just how much you missed playing with them while you were working.,in stock,new,8.99 USD,https://www.buzzfeed.com/alifacc/pet-products-to-keep-them-entertained?origin=nofil#126772036,https://img.buzzfeed.com/buzzfeed-static/static/2020-01/23/19/asset/f8ae5857666b/sub-buzz-2859-1579807309-3.jpg?resize=625:878,Amazon,alifacc/pet-products-to-keep-them-entertained,USD,cleaning
,id,title,description,availability,condition,price,link,image_link,brand,custom_label_0,currency,custom_label_1
0,126797599,duck-shaped dog toy,"A fortified duck-shaped dog toy that's proven it can stand the wrath even the toughest of chewers. My coworker's dog Rockie (the angel pictured below) normally goes through toys in a few days, and this duck has survived for four months!",in stock,new,10.0 USD,https://www.buzzfeed.com/racheldunkel/things-to-try-in-april-2021?origin=nofil#126797599,https://img.buzzfeed.com/buzzfeed-static/static/2021-04/1/18/asset/200a289d1d0a/sub-buzz-737-1617301793-17.jpg?resize=625:708,Amazon,racheldunkel/things-to-try-in-april-2021,USD,cleaning
1,126742898,Stila Huge Extreme Lash Mascara,A tube of Stila Huge Extreme Lash Mascara for anyone who's been searching high and low for their holy grail mascara ‚Äî this could be the one!,in stock,new,19.55 USD,https://www.buzzfeed.com/racheldunkel/things-to-try-in-april-2021?origin=nofil#126742898,https://img.buzzfeed.com/buzzfeed-static/static/2021-03/24/15/asset/022039898d8b/sub-buzz-11555-1616598471-3.jpg?resize=625:*,"Stila,Amazon",racheldunkel/things-to-try-in-april-2021,USD,"cleaning,fast fashion"
2,126730011,Wad-Free detangler device,"An amazingly uncomplicated Wad-Free detangler device to keep bedsheets of any size from getting twisted, tangled, or balled-up while in the washer or dryer.",in stock,new,18.99 USD,https://www.buzzfeed.com/racheldunkel/things-to-try-in-april-2021?origin=nofil#126730011,https://img.buzzfeed.com/buzzfeed-static/static/2021-03/22/21/asset/a56b68ef811e/sub-buzz-8488-1616448055-50.jpg?resize=625:469,Amazon,racheldunkel/things-to-try-in-april-2021,USD,cleaning
3,126728462,fluffy floral handbag,"A fluffy floral handbag for storing all of your springtime essentials in one trendy, cozy, Insta-worthy place.",in stock,new,15.0 USD,https://www.buzzfeed.com/racheldunkel/things-to-try-in-april-2021?origin=nofil#126728462,"https://img.buzzfeed.com/buzzfeed-static/static/2021-03/22/19/asset/56aa04974c49/sub-buzz-8303-1616441224-26.jpg?crop=1041:1077;129,42&resize=625:*","Amazon,Urban Outfitters",racheldunkel/things-to-try-in-april-2021,USD,"cleaning,fast fashion"
7,126784838,Hero Cosmetics pimple patches,Some Hero Cosmetics pimple patches ‚Äî the cult-fave sebum-suckers that start draining your whiteheads of goo as soon as you stick 'em on.,in stock,new,21.99 USD,https://www.buzzfeed.com/racheldunkel/things-to-try-in-april-2021?origin=nofil#126784838,"https://img.buzzfeed.com/buzzfeed-static/static/2021-04/1/15/asset/200a289d1d0a/sub-buzz-455-1617292185-20.jpg?crop=800:902;94,412&resize=625:*",Amazon,racheldunkel/things-to-try-in-april-2021,USD,"cleaning,fast fashion,skincare"
8,126728426,Reese's Cups,A pack of organic Reese's Cups for anyone who wants to eat their favorite chocolate treat with their pinky elegantly out. Dark chocolate + organic PB = bliss.,in stock,new,20.9 USD,https://www.buzzfeed.com/racheldunkel/things-to-try-in-april-2021?origin=nofil#126728426,"https://img.buzzfeed.com/buzzfeed-static/static/2021-03/22/19/asset/89a5c2ea5d33/sub-buzz-8318-1616441101-8.jpg?crop=2920:2490;20,460&resize=625:*",Amazon,racheldunkel/things-to-try-in-april-2021,USD,"cleaning,fast fashion"
13,126784909,Yotta,"Yotta ‚Äî a financial app that rewards you for saving money by giving you a ""lottery ticket"" for every $25 you put away. Drawings for winners happen weekly and if you don't win, no worries! You aren't penalized and have built your savings!",in stock,new,25.0 USD,https://www.buzzfeed.com/racheldunkel/things-to-try-in-april-2021?origin=nofil#126784909,https://img.buzzfeed.com/buzzfeed-static/static/2021-03/30/21/asset/6cef71012ddf/sub-buzz-2367-1617139003-3.png?resize=625:*,apps.apple,racheldunkel/things-to-try-in-april-2021,USD,cleaning
